id,context
1,"헌법 제12조  
① 모든 국민은 신체의 자유를 가진다. 누구든지 법률에 의하지 아니하고는 체포·구속·압수·수색 또는 심문을 받지 아니하며, 법률과 적법한 절차에 의하지 아니하고는 처벌·보안처분 또는 강제노역을 받지 아니한다.  
② 모든 국민은 고문을 받지 아니하며, 형사상 자기에게 불리한 진술을 강요당하지 아니한다.  
③ 체포·구속·압수 또는 수색을 할 때에는 적법한 절차에 따라 검사의 신청에 의하여 법관이 발부한 영장을 제시하여야 한다. 다만, 현행범인인 경우와 장기 3년 이상의 형에 해당하는 죄를 범하고 도피 또는 증거인멸의 염려가 있을 때에는 사후에 영장을 청구할 수 있다.  
④ 누구든지 체포 또는 구속을 당한 때에는 즉시 변호인의 조력을 받을 권리를 가진다. 다만, 형이 확정되는 경우에는 법률에 정하는 바에 의하여 변호인의 조력을 받을 권리를 제한한다.  

민법 제750조 (불법행위의 내용)  
고의 또는 과실로 인한 위법행위로 타인에게 손해를 가한 자는 그 손해를 배상할 책임이 있다.  

형법 제250조 (살인)  
① 사람을 살해한 자는 사형, 무기 또는 5년 이상의 징역에 처한다.  
② 자기 또는 배우자의 직계존속을 살해한 때에는 사형, 무기 또는 7년 이상의 징역에 처한다.  

행정법 제26조 (행정처분의 취소)  
행정청은 위법 또는 부당한 처분의 전부 또는 일부를 소급하여 취소할 수 있다. 다만, 신뢰보호의 원칙 등에 의하여 취소의 소급효를 제한하거나 배제할 수 있다."
2,"민법 제14조(한정치산의 선고) 
① 가정법원은 질병, 장애, 노령, 그 밖의 사유로 인한 정신적 제약으로 사무를 처리할 능력이 지속적으로 결여된 사람에 대하여 본인, 배우자, 4촌 이내의 친족, 검사 또는 지방자치단체의 장의 청구에 의하여 한정치산을 선고한다.  
② 한정치산자의 법률행위는 취소할 수 있다.  

형법 제257조(상해, 존속상해) 
① 사람의 신체를 상해한 자는 7년 이하의 징역, 10년 이하의 자격정지 또는 1천만 원 이하의 벌금에 처한다.  
② 자기 또는 배우자의 직계존속에 대하여 제1항의 죄를 범한 때에는 10년 이하의 징역 또는 1천500만 원 이하의 벌금에 처한다.  
③ 전 2항의 미수범은 처벌한다.  

행정소송법 제19조(제소기간) 
① 취소소송의 제소기간은 처분 등이 있음을 안 날부터 90일 이내로 한다. 현행법 제18조제1항에 따라 처분의 상대방 이외의 자가 취소소송을 제기하는 경우의 제소기간도 또한 같다.  
② 취소소송의 제소기간은 처분 등이 있은 날부터 1년(이곳에 규정된 기간은 처분 등이 있음을 알지 못한 때에는 그 사유를 안 날부터 90일 이내로 한다)을 경과하면 완료한다.  
③ 제1항과 제2항의 기간은 불변기간으로 한다.  

헌법 제13조 
① 모든 국민은 행위 시의 법률에 의하여 범죄를 구성하지 아니하는 행위로 소추되지 아니하며, 동일한 범죄에 대하여 거듭 처벌받지 아니한다.  
② 모든 국민은 소급입법에 의하여 참정권의 제한을 받거나 재산권을 박탈당하지 아니한다.  
③ 모든 국민은 자기의 행위가 아닌 친족의 행위로 인하여 불이익한 처우를 받지 아니한다."
3,"민법 제536조(쌍무계약의 동시이행의 항변권)  
①쌍무계약의 당사자일방은 상대방이 그 채무이행을 제공할 때까지 자기의 채무이행을 거절할 수 있다. 그러나 상대방의 채무이행이 불가항력 기타 그 귀책사유로 인하여 불가능하게 된 때에는 그러하지 아니하다.  
②당사자일방이 이행기에 있지 아니한 채무를 부담한 경우에는 전항 규정을 적용하지 아니한다.  
③전2항의 규정은 상대방이 그 이행기에 이행을 하지 아니한 때에 당사자일방이 상행위에 의하여 자기의 채무를 이행하지 아니한 경우에도 마찬가지로 적용한다.  

형법 제329조(절도)  
타인의 재물을 절취한 자는 6년 이하의 징역 또는 1천만 원 이하의 벌금에 처한다.  

행정소송법 제19조(처분변경으로 인한 소의 변경)  
① 처분등이 있은 후에 그 처분등에 상당하는 변경을 할 수 있는 경우에 처분청 또는 심의청이 직권으로 또는 신청에 따라 처분등을 변경한 때에는 피고는 법원의 허가를 받아 소의 변경을 청구할 수 있다.  
②제1항의 규정에 의한 소의 변경의 허가는 소송계속법원에서 한다.  
③제1항의 신청은 처분등의 변경이 있음을 안 날로부터 60일 이내에 하여야 한다.  
④제28조 내지 제30조의 규정은 제1항의 소의 변경에 관하여 준용한다.  

헌법 제33조(근로자의 단결권등)  
①근로자는 근로조건의 향상을 위하여 자주적인 단결권·단체교섭권 및 단체행동권을 가진다.  
②공무원인 근로자는 법률이 정하는 자에 한하여 단결권·단체교섭권 및 단체행동권을 가진다.  
③법률이 정하는 주요방위산업체에 종사하는 근로자의 단체행동권은 법률이 정하는 바에 의하여 이를 제한하거나 인정하지 아니할 수 있다.  

민법 제750조(불법행위의 내용)  
고의 또는 과실로 인한 위법행위로 타인에게 손해를 가한 자는 그 손해를 배상할 책임이 있다."
4,"형법 제33장 약취와 유인의 죄  
제287조(미성년자의 약취, 유인)  
① 미성년자를 약취 또는 유인한 사람은 10년 이하의 징역에 처한다.  
② 친권을 행사하는 자 또는 후견인이 자기 또는 제3자의 이익을 위하여 미성년자를 약취 또는 유인한 때에는 1년 이상 10년 이하의 징역에 처한다.  

형법 제34장 신체해방권 침해에 관한 죄  
제295조(폭행, 협박)  
제297조(상해)  
① 사람의 신체를 상해한 자는 7년 이하의 징역, 10년 이하의 자격정지 또는 1천만 원 이하의 벌금에 처한다.  
② 자기 또는 배우자의 직계존속에 대하여 제1항의 죄를 범한 때에는 1년 이상 10년 이하의 징역에 처한다.  
③ 제1항 및 제2항의 미수범은 처벌한다.  

민법 제4편 친족  
제779조(가족)  
① 다음의 자는 가족으로 한다.  
1. 배우자, 직계혈족 및 형제자매  
2. 직계혈족의 배우자, 배우자의 직계혈족 및 배우자의 형제자매  
② 제1항 제2호의 경우에는 생계를 같이 하는 경우에 한한다.  

민법 제5편 상속  
제1000조(상속순위)  
① 상속인은 다음 순위로 된다.  
1. 피상속인의 직계비속  
2. 피상속인의 직계존속  
3. 피상속인의 형제자매  
4. 피상속인의 4촌 이내의 방계혈족  
② 전항의 경우에 동순위의 상속인이 수인인 때에는 최근친을 선순위로 하고 동친등의 상속인이 수인인 때에는 공동상속인이 된다.  
③ 태아는 상속순위에 관하여는 이미 출생한 것으로 본다."
5,"민법 제750조(불법행위의 내용)  
① 고의 또는 과실로 인해 타인에게 손해를 가한 자는 그 손해를 배상할 책임이 있다.  
② 손해의 발생과 인과관계, 고의·과실이 있는 경우에 한하여 전항의 규정을 적용한다.  

형법 제250조(살인)  
① 사람을 살해한 자는 사형, 무기 또는 5년 이상의 징역에 처한다.  
② 자기 또는 배우자의 직계존속을 살해한 때에는 사형 또는 무기징역에 처한다.  

헌법 제12조  
① 모든 국민은 신체의 자유를 가진다. 누구든지 법률에 의하지 아니하고는 체포·구속·압수·수색 또는 심문을 받지 아니하며, 법률과 적법한 절차에 의하지 아니하고는 처벌·보안처분 또는 강제노역을 받지 아니한다.  
② 모든 국민은 고문을 받지 아니하며, 형사상 자기에게 불리한 진술을 강요당하지 아니한다.  
③ 체포·구속·압수 또는 수색을 할 때에는 적법한 절차에 따라 검사의 신청에 의하여 법관이 발부한 영장을 제시하여야 한다. 다만, 현행범인인 경우와 장기 3년 이상의 형에 해당하는 죄를 범하고 도피 또는 증거인멸의 염려가 있을 때에는 사후에 영장을 청구할 수 있다.  
④ 누구든지 체포 또는 구속을 당한 때에는 즉시 변호인의 조력을 받을 권리를 가진다. 다만, 형사피고인이 스스로 변호인을 구할 수 없을 때에는 법률이 정하는 바에 의하여 국가가 변호인을 붙인다.  

행정소송법 제2조(항고소송의 종류)  
① 행정처분의 취소를 구하는 소송(이하 ""취소소송""이라 한다)  
② 행정청의 부작위위법확인을 구하는 소송(이하 ""부작위위법확인소송""이라 한다)  
③ 행정처분의 효력 유무 또는 존재여부를 확인하는 소송(이하 ""무효등확인소송""이라 한다)"
6,"민사소송법  
제1편 총칙  
제3조(소송당사자의 자유)  
① 사인의 권리행사는 법률의 범위 내에서 자유롭게 보장된다.  
② 사인은 법률에 특별한 규정이 있는 경우에 한하여 소권을 행사할 수 있다.  

형법  
제2편 각칙  
제7장 공무원의 직무에 관한 죄  
제129조(공무원의 직권남용)  
① 공무원이 직권을 남용하여 사람으로 하여금 의무 없는 일을 하게 하거나 권리의 행사를 방해한 때에는 5년 이하의 징역 또는 10년 이하의 자격정지에 처한다.  
② 공무원이 직권을 남용하여 타인을 기망하여 재물 또는 재산상의 이익을 취득하거나 제3자로 하여금 이를 취득하게 한 때에는 1년 이상 10년 이하의 징역에 처한다.  

민법  
제3편 채권  
제5장 부당이득  
제741조(부당이득의 내용)  
① 법률의 원인 없이 타인의 재산 또는 노력으로 인하여 이익을 얻고 이로 인하여 타인에게 손해를 가한 자는 그 이익을 반환할 의무가 있다.  
② 이익은 현존하는 한도에서 반환하여야 하며, 이익은 받은 이익의 한도 내에서 반환하여야 한다.  

헌법  
제2장 국민의 권리와 의무  
제19조(양심의 자유)  
모든 국민은 양심의 자유를 가진다.  

형법  
제3편 형벌과 보안처분  
제62조(형의 경중)  
형벌은 범죄의 경중과 범죄자의 책임 정도에 따라 균형을 유지하도록 과하여야 한다."
7,"형법 제250조  
제1항 사람을 살해한 자는 사형, 무기 또는 5년 이상의 징역에 처한다.  
제2항 자기 또는 배우자의 직계존속에 대하여 제1항의 죄를 범한 때에는 사형, 무기 또는 7년 이상의 징역에 처한다.  

민법 제105조  
불공정한 법률행위는 무효로 한다.  

헌법 제12조  
제1항 모든 국민은 신체의 자유를 가진다. 누구든지 법률에 의하지 아니하고는 체포·구속·압수·수색 또는 심문을 받지 아니하며, 법률과 적법한 절차에 의하지 아니하고는 처벌·보안처분 또는 강제노역을 받지 아니한다.  

행정소송법 제19조  
취소소송의 피고는 처분등을 행한 행정청으로 한다. 다만, 처분후 그 처분에 관계되는 권한이 다른 행정청에 승계된 때에는 이를 승계한 행정청을 피고로 한다."
8,"민법 제3조(권리능력의 존속기간)  
① 사람은 생존한 동안 권리와 의무의 주체가 된다.  

형법 제32조(정당행위)  
법령에 의한 행위 또는 업무로 인한 행위 기타 사회상규에 위배되지 아니하는 행위는 벌하지 아니한다.  

행정소송법 제19조(제소기간)  
① 취소소송의 제소기간은 처분 등이 있음을 안 날부터 90일 이내로 한다. 다만, 처분 등이 있은 날부터 1년(경볼가중에 따른 기간은 이를 2년으로 한다)을 경과하면 제소할 수 없다.  

헌법 제12조(징계에 대한 보호)  
③ 모든 국민은 자기 또는 자신에게 불리한 진술을 강요당하지 아니한다.  

민사소송법 제145조(당연퇴직)  
① 변호사가 제4조부터 제8조까지의 규정에 해당하는 경우 법원은 결정으로 그 변호사의 자격을 박탈한다.  

형법 제21조(정당방위)  
① 현재의 부당한 침해를 방위하기 위한 행위는 상당한 이유가 있을 때에는 벌하지 아니한다.  

행정절차법 제10조(신뢰보호의 원칙)  
행정청은 법령의 해석·관행에 따라 개인이 그 해석·관행을 신뢰한 행위로 인하여 그 개인에게 책임이 없는 사유로 법령의 해석·관행에 반하는 처분을 하지 못한다.  

민법 제536조(채권자위험부담)  
① 쌍무계약의 당사자 일방의 채무가 당사자쌍방의 책임 없는 사유로 이행할 수 없게 된 때에는 채무자는 상대방의 이행을 청구하지 못한다.  

형법 제17조(폭행의 죄)  
① 사람의 신체에 대하여 폭행을 가한 자는 2년 이하의 징역, 500만원 이하의 벌금, 구류 또는 과료에 처한다.  

민사소송법 제226조(판결서의 기재사항)  
① 판결서에는 다음 각 호의 사항을 기재하여야 한다.  
1. 당사자와 법정대리인의 성명·명칭 및 주소  
2. 주문과 이유  

헌법 제23조(재산권 보장)  
① 모든 국민의 재산권은 보장된다. 그 내용과 한계는 법률로 정한다.  

형법 제34조(상습범)  
상습으로 제329조 내지 제331조, 제333조 내지 제336조, 제338조 내지 제340조, 제342조, 제346조 내지 제348조, 제350조, 제352조, 제354조, 제355조 또는 제356조의 죄를 범한 자는 그 죄에 정한 형의 2분의 1까지 가중한다.  

민법 제750조(불법행위의 내용)  
고의 또는 과실로 인한 위법행위로 타인에게 손해를 가한 자는 그 손해를 배상할 책임이 있다.  

행정소송법 제26조(가처분)  
① 취소소송의 제기와 동시에 또는 제기 후에 처분 등의 효력이나 그 집행 또는 절차의 속행 등으로 인하여 생길 회복하기 어려운 손해를 예방하기 위하여 긴급한 필요가 있을 때에는 본안 승소판결 전에 한정하여 처분의 효력이나 그 집행 또는 절차의 속행의 전부 또는 일부의 정지를 법원에 신청할 수 있다.  

형사소송법 제254조(공소의 제기)  
① 공소를 제기함에는 공소장을 관할법원에 제출하여야 한다.  

형법 제250조(살인)  
① 사람을 살해한 자는 사형, 무기징역 또는 5년 이상의 징역에 처한다.  

민법 제105조(임의규정)  
법률행위의 당사자가 법령 중 선량한 풍속 기타 사회질서에 관계없는 규정과 다른 의사를 표시한 때에는 그 의사에 의한다.  

행정법 제48조(행정상 강제집행)  
① 행정청은 법률이 정한 경우에 한하여 강제집행할 수 있다.  

헌법 제13조(형벌 소급적용 금지)  
모든 국민은 행위 시의 법률에 의하여 범죄를 구성하지 아니하는 행위로 소추되지 아니하며, 동일한 범죄에 대하여 거듭 처벌받지 아니한다.  

민사소송법 제288조(항소기간)  
① 항소기간은 판결 정본이 송달된 날부터 14일이다. 다만, 판결 선고 후 정본이 송달되기 전에 당사자의 동의가 있는 때에는 항소기간을 판결 선고일부터 기산한다.  

형법 제328조(장물의 취득·알선 등)  
① 장물을 취득, 양도, 운반 또는 보관한 자는 7년 이하의 징역 또는 1,500만원 이하의 벌금에 처한다.  

민법 제460조(변제의 제공)  
변제는 채무내용에 따라 현실제공으로 하여야 한다. 그러나 채권자가 미리 변제받기를 거절하거나 채무의 이행이 채권자의 행위를 요하는 경우에는 변제준비의 완료를 통지하고 그 수령을 최고하면 된다.  

행정절차법 제21조(처분의 방식)  
① 행정청은 처분을 할 때에는 다른 법령 등에 특별한 규정이 있는 경우를 제외하고는 문서로 하여야 하며, 당사자 등의 동의가 있는 경우에 한정하여 말이거나 그 밖의 방법으로 할 수 있다.  

형법 제14조(과실)  
정상의 주의를 게을리함으로써 죄의 성립요소를 인식하지 못한 행위는 법률에 특별한 규정이 있는 경우에 한하여 처벌한다.  

민사소송법 제135조(변론능력)  
① 소송에서 당사자 또는 법정대리인이 변론하지 못할 때에는 법원은 변리인을 선임하여야 한다.  

헌법 제21조(언론·출판의 자유)  
① 모든 국민은 언론·출판의 자유와 집회·결사의 자유를 가진다.  

형법 제241조(간통)  
① 배우자 있는 자가 간통한 때에는 2년 이하의 징역에 처한다. 그 성상 간통한 자도 같다.  

민법 제543조(이행지체와 해제)  
당사자 일방이 그 채무를 이행하지 아니하는 때에는 상대방은 상당한 기간을 정하여 이행을 최고하고 그 기간 내에 이행하지 아니한 때에는 계약을 해제할 수 있다. 그러나 채무자가 그 기간 내에 이행하지 아니한 때에는 상당한 기간을 정하지 아니하고 계약서에 정한 바에 따라 계약을 해제할 수 있다.  

행정법 제3조(권한의 위임·위탁)  
① 행정기관은 법령이 정하는 바에 의하여 그 권한 중 일부를 다른 행정기관 또는 지방자치단체의 장에게 위임하거나 위탁할 수 있다.  

형법 제18조(강요된 행위)  
자기 또는 친족의 생명·신체에 대한 위해를 방어할 방법이 없는 협박에 의하여 죄를 범한 자는 처벌하지 아니한다.  

민사소송법 제152조(변론준비절차)  
① 법원은 사건을 효율적으로 진행하기 위하여 변론에 앞서 변론준비절차를 거칠 수 있다.  

헌법 제10조(인간의 존엄과 행복추구권)  
① 모든 국민은 인간으로서의 존엄과 가치를 가지며, 행복을 추구할 권리를 가진다. 국가는 개인이 가지는 불가침의 기본적 인권을 확인하고 이를 보장할 의무를 진다.  

형법 제334조(강도)  
① 폭행 또는 협박으로 타인의 재물을 강취하거나 기타 재산상의 이익을 취득하거나 제삼자로 하여금 이를 취득하게 한 자는 3년 이상의 유기징역에 처한다.  

민법 제650조(임대차 기간)  
① 임대차의 기간은 20년을 넘지 못한다. 특약으로써 20년을 넘게 한 때에는 이를 20년으로 단축한다.  

행정소송법 제4조(행정소송의 종류)  
행정소송은 다음 네 가지로 구분한다.  
1. 항고소송: 행정청의 처분 등이나 부작위에 대하여 제기하는 소송  
2. 당사자소송: 행정청의 처분 등을 원인으로 하는 법률관계에 관한 소송 그 밖의 공법상의 법률관계에 관한 소송으로서 그 법률관계의 한쪽 당사자를 피고로 하는 소송  
3. 민중소송: 국가 또는 공공단체의 기관이 법률에 위반되는 행위를 한 경우에 직접 자기의 법률상 이익과 관계없이 그 시정을 구하기 위하여 제기하는 소송  
4. 기관소송: 국가 또는 공공단체의 기관상호간에 있어서의 권한의 존부 또는 그 행사에 관한 다툼이 있을 때에 제기하는 소송  

형법 제366조(재물손괴 등)  
타인의 재물, 문서 또는 전자기록등 특수매체기록을 손괴 또는 숨기거나 기타 방법으로 기효용을 해한 자는 3년 이하의 징역 또는 700만원 이하의 벌금에 처한다.  

민법 제762조(친족간의 범행과 소급효)  
① 직계혈족, 배우자 또는 동거친족 간에서의 범죄행위에 대하여는 형을 감경 또는 면제할 수 있다.  

행정절차법 제12조(법집행의 신뢰보호)  
행정청은 법령에 따른 처분의 기준을 명시적으로 공개하여야 하며, 처분기준을 적용할 때에는 동일한 사안에 대하여는 동일한 기준을 적용하여야 한다.  

형법 제268조(업무상과실·중과실 치사상)  
업무상과실 또는 중대한 과실로 인하여 사람을 사망 또는 상해에 이르게 한 자는 5년 이하의 금고 또는 2천만원 이하의 벌금에 처한다.  

민사소송법 제308조(증거조사)  
① 증인·감정인·당사자본인에 대한 신문과 서증·검증·그 밖의 증거는 이 관에서 규정하는 절차에 따라 조사하여야 한다.  

헌법 제39조(국방의 의무)  
① 모든 국민은 법률이 정하는 바에 의하여 국방의 의무를 진다.  

형법 제355조(배임)  
① 타인의 사무를 처리하는 자가 그 임무에 위배하는 행위로써 재산상의 이익을 취득하거나 제삼자로 하여금 이를 취득하게 하여 본인에게 손해를 가한 때에는 5년 이하의 징역 또는 1,500만원 이하의 벌금에 처한다.  

민법 제370조(전세권의 존속기간)  
① 전세권의 존속기간은 10년을 넘지 못한다. 설정행위로 이보다 짧은 기간을 정한 때에는 그 기간만료 전에 갱신할 수 있다.  

행정소송법 제6조(행정심판과의 관계)  
① 행정소송은 행정심판을 제기할 수 있거나 행정심판에 대한 재결이 있는 경우에도 제기할 수 있다.  

형법 제324조(공갈)  
① 사람을 공갈하여 재물의 교부를 받거나 재산상의 이익을 취득한 자는 10년 이하의 징역 또는 2천만원 이하의 벌금에 처한다.  

민법 제580조(매도인의 하자담보책임)  
① 매도인은 물권 또는 채권의 목적이 된 물건의 하자에 대하여 그 하자를 알고 있던 때에는 매수인에 대하여 담보책임을 진다.  

행정절차법 제5조(평등원칙)  
행정청은 동일한 사안에 대하여는 동일한 기준을 적용하여야 하며, 불합리한 차별을 하여서는 아니 된다.  

헌법 제24조(선거권)  
① 모든 국민은 법률이 정하는 바에 의하여 선거권을 가진다.  

형법 제283조(협박)  
① 사람을 협박한 자는 3년 이하의 징역, 500만원 이하의 벌금, 구류 또는 과료에 처한다.  

민사소송법 제202조(자백간주)  
당사자가 변론에서 상대방이 주장하는 사실을 명백히 다투지 아니한 때에는 그 사실을 자백한 것으로 본다. 다만, 변론 전체에 의하여 그 사실을 다투는 것이 명백한 때에는 그러하지 아니하다.  

민법 제427조(연대채무자의 구속력)  
연대채무자는 각자가 독립된 채무를 부담하므로 어느 연대채무자에 대한 법률효과는 다른 연대채무자에게 영향을 미치지 아니한다.  

형법 제30조(공동정범)  
공동으로 죄를 범한 때에는 각자를 그 죄의 정범으로 처벌한다.  

행정절차법 제18조(의견제출 기회 부여)  
행정청은 당사자에게 의무를 과하거나 권익을 제한하는 처분을 할 때에는 청문·공청회·의견제출의 기회를 부여하여야 한다.  

민법 제15조(성년후견개시의 심판)  
① 가정법원은 질병, 장애, 노령, 그 밖의 사유로 인한 정신적 제약으로 사무를 처리할 능력이 지속적으로 결여된 사람에 대하여 본인, 배우자, 4촌 이내의 친족, 미성년후견인, 미성년후견감독인, 한정후견인, 한정후견감독인, 특정후견인, 특정후견감독인, 검사 또는 지방자치단체의 장의 청구에 의하여 성년후견개시의 심판을 한다.  

형법 제26조(긴급피난)  
① 현재의 위난을 피하기 위하여 부득이하게 행한 행위는 상당한 이유가 있을 때에는 벌하지 아니한다.  

민사소송법 제24조(소송능력)  
① 미성년자 또는 한정치산자는 법정대리인에 의하여서만 소송행위를 할 수 있다.  

헌법 제11조(평등원칙)  
① 모든 국민은 법 앞에 평등하다. 누구든지 성별·종교 또는 사회적 신분에 의하여 정치적·경제적·사회적·문화적 생활의 모든 영역에서 차별을 받지 아니한다.  

형법 제327조(공갈)  
① 사람을 공갈하여 재물의 교부를 받거나 재산상의 이익을 취득한 자는 10년 이하의 징역 또는 2천만원 이하의 벌금에 처한다.  

민법 제598조(소비대차의 의의)  
소비대차는 당사자 일방이 금전 기타 대체물의 소유권을 상대방에게 이전할 것을 약정하고 상대방은 그와 동일한 종류·품질 및 수량으로 반환할 것을 약정함으로써 그 효력이 생긴다.  

행정소송법 제12조(행정심판 전치주의)  
① 행정소송은 법령의 규정에 따라 행정심판을 거칠 필요가 있는 경우에 한하여 그 심판을 거친 후에 제기할 수 있다.  

형법 제16조(법률의 오류)  
자기의 행위가 법령에 따라 죄가 되지 아니한 것으로 오인한 행위는 그 오인에 정당한 이유가 있을 때에 한하여 벌하지 아니한다.  

민사소송법 제147조(소송촉진법과의 관계)  
① 이 법의 규정은 「소송촉진 등에 관한 특례법」에 특별한 규정이 있는 경우를 제외하고는 「소송촉진 등에 관한 특례법」에 따른 소송에 관하여도 적용한다.  

헌법 제46조(국회의원의 의무)  
① 국회의원은 청렴의 의무가 있다. 국회의원은 국가이익을 우선으로 하여 양심에 따라 직무를 행한다.  

형법 제347조(사기)  
① 사람을 기망하여 재물의 교부를 받거나 재산상의 이익을 취득한 자는 10년 이하의 징역 또는 2천만원 이하의 벌금에 처한다.  

민법 제759조(사용자 책임)  
① 타인을 사용하여 어느 사무에 종사하게 한 자는 피용자가 그 사무집행에 관하여 제삼자에게 가한 손해를 배상할 책임이 있다. 그러나 사용자가 피용자의 선임 및 사무감독에 상당한 주의를 했을 때 또는 상당한 주의를 해도 손해가 발생했을 때에는 그러하지 아니하다.  

행정절차법 제19조(처분의 정정)  
행정청은 처분 후 그 처분에 오기·계산착오 또는 이와 유사한 오류가 있음을 발견한 때에는 직권으로 또는 신청에 의하여 이를 정정할 수 있다.  

형법 제257조(상해)  
① 사람의 신체를 상해한 자는 7년 이하의 징역 또는 1천만원 이하의 벌금에 처한다.  

민사소송법 제199조(판결의 확정)  
① 판결은 상소를 제기할 수 있는 기간이 지나거나 상소권을 포기한 때에 확정된다.  

헌법 제17조(사생활의 비밀과 자유)  
① 모든 국민은 사생활의 비밀과 자유를 침해받지 아니한다.  

형법 제15조(사실의 착오)  
① 특별히 중한 죄가 되는 사실을 인식하지 못한 행위는 중한 죄로 벌하지 아니한다.  

민법 제520조(대물변제)  
채무자가 채권자의 승낙을 얻어 본래의 채무이행에 갈음하여 다른 급여를 한 때에는 변제와 동일한 효력이 있다.  

행정절차법 제4조(행정법관계의 특수성 인정)  
행정절차법은 행정작용의 특수성을 고려하여 공정·투명·민주적인 행정절차를 보장함을 목적으로 한다.  

형법 제29조(교사범)  
① 타인을 교사하여 죄를 범하게 한 자는 죄를 실행한 자를 처벌한다.  

민사소송법 제8조(소송능력)  
① 미성년자나 한정치산자는 법정대리인에 의하여서만 소송행위를 할 수 있다.  

헌법 제8조(정당의 설립과 활동)  
① 정당의 설립은 자유이며, 복수정당제는 보장된다.  

형법 제330조(절도)  
① 타인의 재물을 절취한 자는 6년 이하의 징역 또는 1천만원 이하의 벌금에 처한다.  

민법 제245조(점유권)  
① 물건의 점유자는 소유의 의사로 선의, 평온 및 공연하게 점유한 것으로 추정한다.  

행정소송규칙 제6조(소송서류)  
법원에 제출하는 소송서류는 「전자정부법」 제21조제1항에 따른 전자문서로 제출할 수 있다.  

형법 제214조(주거침입)  
① 사람의 주거, 관리하는 건조물, 점유하는 방 또는 선박 등에 침입한 자는 3년 이하의 징역 또는 500만원 이하의 벌금에 처한다.  

민법 제507조(증여의 의의)  
증여는 당사자 일방이 무상으로 재산을 상대방에게 수여하는 의사를 표시하고 상대방이 이를 승낙함으로써 그 효력이 생긴다.  

행정절차법 제2조(정의)  
이 법에서 사용하는 용어의 정의는 다음과 같다.  
1. ""행정청""이란 행정에 관한 의사를 결정하여 표시하는 국가 또는 지방자치단체의 기관 기타 법령 또는 자치법규에 의하여 행정권한을 가지고 있거나 위임·위탁받은 공공단체 또는 그 기관 또는 사인을 말한다.  

형법 제19조(정당방위의 정도)  
정당방위가 그 정도를 초과한 때에는 정황에 의하여 그 형을 감경 또는 면제할 수 있다.  

민사소송법 제208조(변론주의의 적용 제한)  
법원은 당사자가 주장하지 아니한 사실에 대하여도 직권으로 조사할 수 있다. 다만, 이로 인하여 당사자에게 불이익을 줄 수는 없다.  

헌법 제53조(국회의원의 발언·표결에 대한 책임)  
국회의원은 국회에서 직무상 행한 발언과 표결에 관하여 국회 외에서 책임을 지지 아니한다.  

형법 제331조(특수절도)  
① 야간에 문호 또는 장벽 기타 건조물의 일부를 손괴하고 전조의 장소에 침입하여 타인의 재물을 절취한 자는 10년 이하의 징역에 처한다.  

민법 제359조(전세권의 효력)  
전세권자는 전세금의 반환을 받기 위하여 전세물의 경매와 「민사집행법」에 따른 담보권 실행을 청구할 수 있다.  

행정절차법 제26조(처분의 변경·철회)  
① 행정청은 처분이 오류가 있음을 발견하거나 사정변경으로 처분을 유지할 수 없을 때에는 이를 변경하거나 철회할 수 있다."
9,"민법 제2조(신의성실)  
① 권리의 행사와 의무의 이행은 신의에 좇아 성실히 하여야 한다.  
② 권리는 남용하지 못한다.  

행정소송법 제19조(피고적격)  
① 취소소송의 피고는 당해 처분을 한 행정청으로 한다.  
② 제1항의 규정에 의한 행정청이 없게 된 때에는 그 처분등에 관한 사무가 귀속되는 국가 또는 공공단체를 피고로 한다.  

형법 제329조(절도)  
타인의 재물을 절취한 자는 6년 이하의 징역 또는 1천만원 이하의 벌금에 처한다.  

민사소송법 제248조(기일의 지정)  
① 기일은 당사자의 신청에 따라 지정한다. 다만, 법원이 필요하다고 인정할 때에는 직권으로 기일을 지정할 수 있다.  
② 기일은 변동될 수 있다.  
③ 기일의 변경은 부득이한 사유가 있는 경우에 한하여 당사자의 신청 또는 직권으로 할 수 있다.  

헌법 제10조(인간의 존엄과 행복추구권)  
모든 국민은 인간으로서의 존엄과 가치를 가지며, 행복을 추구할 권리를 가진다. 국가는 개인이 가지는 불가침의 기본적 인권을 확인하고 이를 보장할 의무를 진다."
10,"형법 제355조 제1항: 타인의 재물을 횡령한 자는 5년 이하의 징역 또는 1천500만원 이하의 벌금에 처한다. 제2항: 타인의 재산상 이익 또는 전항의 재물을 배임한 자도 전항의 형과 같다.  

민법 제563조: 매매는 당사자 일방이 재산권을 상대방에게 이전할 것을 약정하고 상대방이 그 대금을 지급할 것을 약정함으로써 그 효력이 생긴다.  

행정소송법 제19조: 취소소송의 제1심관할법원은 피고의 소재지를 관할하는 행정법원으로 한다.  

형법 제257조 제1항: 사람의 신체를 상해한 자는 7년 이하의 징역, 10년 이하의 자격정지 또는 1천만원 이하의 벌금에 처한다.  

민법 제750조: 고의 또는 과실로 인한 위법행위로 타인에게 손해를 가한 자는 그 손해를 배상할 책임이 있다.  

헌법 제21조 제1항: 모든 국민은 언론·출판의 자유와 집회·결사의 자유를 가진다.  

형법 제136조: 공무원의 직무집행을 방해한 자는 5년 이하의 징역 또는 1천만원 이하의 벌금에 처한다.  

행정소송법 제26조: 법원은 필요하다고 인정할 때에는 직권으로 증거조사를 할 수 있다.  

형법 제155조 제1항: 타인의 사적 비밀을 기술매체 또는 전기적 기록을 통하여 누설한 자는 3년 이하의 징역 또는 500만원 이하의 벌금에 처한다.  

민법 제214조: 소유물은 소유자의 의사에 따라 자유로이 사용·수익·처분할 수 있다."
11,"형법 제329조(절도)  
① 타인의 재물을 절취한 자는 6년 이하의 징역 또는 1천만 원 이하의 벌금에 처한다.  
② 컴퓨터등 정보처리장치 또는 전자기록등 특수매체기록을 이용하여 정보를 절취한 자에게도 제1항의 형을 적용한다.  

민법 제563조(매매의 의의)  
매매는 당사자 일방이 재산권을 상대방에게 이전할 것을 약정하고 상대방이 그 대금을 지급할 것을 약정함으로써 그 효력이 생긴다.  

헌법 제21조(언론ㆍ출판ㆍ집회ㆍ결사의 자유)  
① 모든 국민은 언론ㆍ출판의 자유와 집회ㆍ결사의 자유를 가진다.  
② 언론ㆍ출판에 대한 허가나 검열과 집회ㆍ결사에 대한 허가는 인정되지 아니한다.  
③ 언론ㆍ출판은 타인의 명예나 권리 또는 공중도덕이나 사회윤리를 침해하여서는 아니 된다. 언론ㆍ출판이 타인의 명예나 권리를 침해한 때에는 피해자는 이에 대한 피해의 배상을 청구할 수 있다.  

행정법 제14조(행정의 자기구속의 원칙)  
행정청은 동일한 사안에 대하여 동일한 법적 요건을 충족하는 자에 대하여는 차별적 처우를 하여서는 아니 된다. 단, 합리적인 사유가 있는 경우에는 예외로 한다."
12,"형법 제355조 제1항  
횡령으로 인한 재산취득의 죄  
타인의 재물을 횡령하거나 그 반환을 거부한 자는 5년 이하의 징역 또는 1천500만원 이하의 벌금에 처한다.  

민법 제105조  
의사표시의 효력  
법률행위의 당사자가 선의가 아니면 그 의사표시는 무효로 한다.  

행정법 제4조  
행정청의 권한  
행정청은 법령의 범위 내에서 그 권한을 행사할 수 있다.  

헌법 제23조 제1항  
재산권의 보장  
모든 국민의 재산권은 보장된다. 그 내용과 한계는 법률로 정한다.  

형법 제257조 제1항  
상해  
사람의 신체를 상해한 자는 7년 이하의 징역 또는 1천만원 이하의 벌금에 처한다."
13,"형법 제329조(절도)  
타인의 재물을 절취한 자는 6년 이하의 징역 또는 1천만원 이하의 벌금에 처한다.  

형사소송법 제215조(현행범체와 체포)  
①검사 또는 사법경찰관은 현행범인을 체포하는 경우 피의자를 즉시 검사에게 인치(引致)하여야 하며, 검사는 10일 이내에 사건을 법원에 송치하거나 피의자를 석방하여야 한다.  
②체포한 현행범인을 인치할 때에는 체포의 요지와 이유, 변호인 선임권 및 변명의 기회를 주어야 한다.  

행정소송법 제18조(제소기간)  
①취소소송의 제소기간은 처분이 있음을 안 날부터 90일 이내로 한다. 다만, 행정심판청구를 할 수 있는 경우에는 재결을 거친 때는 재결서정본을 받은 날부터, 재결을 거치지 아니한 때는 처분이 있음을 안 날부터 각각 90일 이내로 한다.  

민법 제563조(매매의 의의)  
매매는 당사자 한쪽이 재산권을 상대방에게 이전할 것을 약정하고 상대방이 그 대금을 지급할 것을 약정함으로써 효력이 생긴다.  

헌법 제36조(혼인과 가족생활 등)  
①혼인과 가족생활은 개인의 존엄과 양성의 평등을 기초로 성립되고 유지되어야 한다.  
②국가는 모성의 보호를 위하여 노력하여야 하며, 특히 산모와 영유아를 위한 보호와 지원을 하여야 한다."
14,"형법 제327조(권리행사방해)  
①타인의 점유에 속하는 자기의 물건을 탈취한 자는 3년 이하의 징역 또는 500만 원 이하의 벌금에 처한다.  
②타인의 점유에 속하는 자기의 물건을 취거(取去)하거나 은닉 또는 손괴하여 타인의 권리행사를 방해할 자는 전항의 형과 같다.  

민법 제750조(불법행위의 내용)  
고의 또는 과실로 인한 위법행위로 타인에게 손해를 가한 자는 그 손해를 배상할 책임이 있다.  

행정소송법 제18조(소의 제기)  
①취소소송의 당사자는 처분의 취소 또는 변경을 청구할 수 있다.  
②제1항의 소는 다음 각 호의 구분에 따라 제기하여야 한다.  
1. 처분등이 있음을 안 날부터 90일 이내  
2. 처분등이 있은 날부터 1년 이내  
③삭제  

헌법 제21조(언론·출판·집회·결사의 자유)  
①모든 국민은 언론·출판의 자유와 집회·결사의 자유를 가진다.  
②언론·출판에 대한 허가나 검열과 집회·결사에 대한 허가는 인정되지 아니한다.  
③통신·방송의 시설기준과 신문의 기능을 보장하기 위하여 필요한 사항은 법률로 정한다.  
④언론·출판은 타인의 명예나 권리 또는 공중도덕이나 사회윤리를 침해하여서는 아니된다. 타인의 명예나 권리를 침해한 때에는 피해자는 이에 대한 피해의 배상을 청구할 수 있다."
15,"민법 제105조  
② 법률행위의 내용이 불명확한 경우 약정의 성질상 명확하게 할 수 있으면 법원은 당사자의 진술 및 기타 모든 사정을 고려하여 이를 확정할 수 있다.  
형법 제257조  
② 제1항의 방법으로 사람을 상해에 이르게 한 때에는 3년 이하의 징역 또는 1,000만 원 이하의 벌금에 처한다.  
행정법 제7조  
③ 행정기관의 장은 법령에서 정하는 바에 따라 처분기준을 공표하여야 하며, 그 기준에 따라 공정을 기하여야 한다.  
헌법 제31조  
④ 교육의 자주성·전문성 및 정치적 중립성은 법률이 정하는 바에 의하여 보장된다.  
민법 제398조  
① 금전으로 가할 것을 약정한 손해배상의 액이 과다할 경우에는 법원은 적당히 감액할 수 있다.  
형법 제329조  
타인의 재물을 절취한 자는 6년 이하의 징역 또는 1,000만 원 이하의 벌금에 처한다.  
행정법 제14조  
② 행정처분의 취소 또는 변경에 관한 소송은 처분의 효과가 기간경과로 인하여 소멸된 뒤에도 그 처분의 취소로 인하여 회복될 법률상의 이익이 있는 자를 위하여 제기할 수 있다.  
헌법 제23조  
③ 공공필요에 의한 재산권의 수용·사용 또는 제한 및 그에 대한 보상은 법률로써 하되, 정당한 보상을 지급하여야 한다.  
민법 제750조  
고의 또는 과실로 인한 위법행위로 타인에게 손해를 가한 자는 그 손해를 배상할 책임이 있다."
16,"민법 제5조(성적년도 계산)  
① 성년기도달에 필요한 년수는 출생일을 산입하여 계산한다.  
② 만 19세에 달한 경우에는 성년이 된다.  
③ 미성년자가 성년이 된 때에는 법정대리인의 동의없이 법률행위를 할 수 있다.  

형법 제32조(정당방위)  
① 현재의 부당한 침해에 대하여 자기 또는 타인의 권익을 방위하기 위하여 부득이한 행위는 상당한 이유가 있는 경우에는 벌하지 아니한다.  
② 방위행위가 그 정도를 초과한 경우에는 정황에 의하여 그 형을 감경 또는 면제할 수 있다.  

민사소송법 제148조(기일의 지정)  
① 기일은 당사자의 신청 또는 법원의 직권으로 정한다.  
② 기일의 지정에는 당사자가 참여하지 아니하여도 된다. 다만, 변론준비기일 또는 변론기일의 경우에는 예외적으로 당사자의 참여를 명할 수 있다."
17,"민법 제2조(신의성실)  
① 권리의 행사와 의무의 이행은 신의에 좇아 성실히 하여야 한다.  
② 권리는 남용하지 못한다.  

형법 제17조(인과관계)  
어떤 행위라도 죄의 요소되는 위험발생에 연결되지 아니한 때에는 그 결과로 인하여 벌하지 아니한다.  

건축법 제11조(건축허가)  
① 건축주를 제외한 건축물이 대지와 동시에 건축허가를 신청하거나, 다른 법률에 따라 허가·인가·승인 등을 받은 건축물은 특별자치시장·특별자치도지사 또는 시장·군수·구청장의 허가를 받아야 한다.  
② 제1항에도 불구하고 다음 각 호의 어느 하나에 해당하는 건축물은 국토교통부령으로 정하는 바에 따라 신고를 하면 건축허가를 받은 것으로 본다.  

행정소송법 제19조(소의 제기)  
취소소송의 제기는 처분의 효력이나 그 집행 또는 절차의 속행에 영향을 주지 아니한다."
18,"형법 제276조(체포, 감금, 감금된 자에 대한 폭행·협박)   
① 사람을 체포 또는 감금한 자는 5년 이하의 징역 또는 700만원 이하의 벌금에 처한다.  
② 체포 또는 감금된 자를 상해 또는 사망에 이르게 한 때에는 상해죄 또는 사망죄의 예에 의한다.  

민사소송법 제143조(변론의 종결)  
① 법원은 변론이 성숙하였다고 인정할 때에는 당사자의 의견진술의 기회를 준 후 변론을 종결하여야 한다.  
② 법원은 변론을 종결한 후에도 판결선고 전이면 직권으로 또는 당사자의 신청에 따라 변론을 재개할 수 있다.  

국토계획법 제36조(용도지역 등의 지정)  
① 국토교통부장관 또는 시·도지사는 다음 각 호의 구분에 따라 용도지역·용도지구·용도구역을 지정하거나 변경할 수 있다.  
1. 도시지역: 주거지역·상업지역·공업지역·녹지지역  
2. 관리지역: 보전관리지역·생산관리지역·계획관리지역  
3. 농림지역  
4. 자연환경보전지역  

민법 제580조(매도인의 하자담보책임)  
① 매매의 목적물에 하자가 있는 때에는 제575조제1항의 규정을 준용한다. 그러나 매수인이 하자있는 것을 알았거나 과실로 인하여 알지 못한 때에는 그러하지 아니하다.  
② 전항의 규정은 경매를 목적으로 한 매매에는 적용하지 아니한다.  

행정소송법 제12조(취소소송의 대상)  
취소소송은 처분등을 대상으로 한다. 다만, 처분등의 효과가 기간만료로 인하여 소멸한 때에는 처분할 당시의 처분의 근거 법률에 특별한 규정이 없는 한 제기할 수 없다."
19,"제1조(목적) 이 법은 가정폭력범죄의 처벌 및 그 절차에 관한 특례와 가정폭력범죄를 범한 자에 대한 보호처분의 절차를 규정함으로써 가정폭력범죄로부터 피해자를 보호하여 건강한 사회질서의 확립에 이바지함을 목적으로 한다.  
  
제2조(정의) 이 법에서 사용하는 용어의 뜻은 다음과 같다.  
1. ""가정폭력""이란 가정구성원 사이의 신체적, 정신적 또는 재산상 피해를 수반하는 행위를 말한다.  
2. ""가정구성원""이란 다음 각 목의 어느 하나에 해당하는 자를 말한다.  
가. 현재의 배우자 또는 배우자였던 자  
나. 사실상 혼인관계(사실혼 관계에 있는 자를 포함한다)에 있거나 있었던 자  
다. 자기 또는 배우자와 사실상의 부모자식 관계(사실상의 양친자 관계를 포함한다)에 있는 자  
라. 계부모와 자의 관계 또는 적모서자 관계에 있는 자  
마. 동거하는 친족  
3. ""가정폭력범죄""란 가정폭력으로서 다음 각 목의 어느 하나에 해당하는 죄를 말한다.  
가. 형법 제2편 제25장 상해와 폭행의 죄 중 제257조(상해, 존속상해), 제258조(중상해, 존속중상해), 제259조(상해치사, 존속상해치사), 제260조(폭행, 존속폭행) 제1항·제2항, 제261조(특수폭행) 및 제264조(상습범)의 죄  
나. 형법 제2편 제28장 강간과 추행의 죄 중 제297조(강간), 제297조의2(유사강간), 제298조(강제추행), 제299조(준강간, 준강제추행), 제300조(미수범), 제301조(강간 등 상해·치상), 제301조의2(강간 등 살인·치사), 제302조(미성년자 등에 대한 간음), 제305조(미성년자에 대한 간음, 추행) 및 제305조의2(상습범)의 죄  
다. 형법 제2편 제30장 명예에 관한 죄 중 제307조(명예훼손), 제309조(출판물 등에 의한 명예훼손) 및 제311조(모욕)의 죄  
라. 형법 제2편 제33장 주거침입의 죄 중 제319조(주거침입, 퇴거불응) 제1항, 제320조(특수주거침입) 및 제322조(주거·신체 수색)의 죄  
마. 형법 제2편 제36장 권리행사를 방해하는 죄 중 제323조(강박)의 죄  
바. 형법 제2편 제37장 사기와 공갈의 죄 중 제350조(공갈) 및 제352조(미수범)의 죄  
사. 형법 제2편 제39장 손괴의 죄 중 제366조(재물손괴 등) 및 제369조(특수손괴) 제1항의 죄  
아. 그 밖에 가정폭력범죄에 상응하는 행위로서 다른 법률에 따라 처벌되는 죄  
4. ""피해자""란 가정폭력범죄로 인하여 직접적으로 피해를 입은 자를 말한다.  
5. ""보호처분""이란 판사가 가정폭력범죄를 범한 자에 대하여 제40조의 규정에 따라 결정하는 처분을 말한다.  
6. ""긴급임시조치""란 사법경찰관이 제8조의 규정에 따라 가정폭력범죄가 재발될 우려가 있다고 인정하는 때에 긴급을 요하여 법원의 결정을 받을 수 없을 때 행하는 임시조치를 말한다.  
7. ""임시조치""란 법원이 제29조의 규정에 따라 결정하는 조치를 말한다.  
8. ""보호관찰""이란 보호처분을 받은 자가 선량한 사회인으로서의 생활자세를 확립하고 사회에 정상적으로 복귀하기 위하여 필요한 지도와 감독을 받게 하는 것을 말한다.  
9. ""보호시설""이란 가정폭력범죄로 인한 피해자를 보호하기 위하여 법무부장관이 지정하는 시설을 말한다.  
10. ""지원시설 및 의료기관""이란 가정폭력피해자의 보호·지원을 목적으로 설치된 시설 또는 의료기관을 말한다.  
  
제3조(가정폭력의 예방과 사후조치) ① 가정폭력을 예방하기 위하여 국가와 지방자치단체는 가정폭력의 원인 및 실태에 관한 조사·연구, 교육·홍보, 피해신고체계의 구축, 피해자 지원시설 설치·운영 등 필요한 조치를 마련하여야 한다.  
② 누구든지 가정폭력범죄를 알게 된 때에는 이를 수사기관에 신고할 수 있다.  
③ 가정폭력을 신고받은 수사기관은 즉시 현장을 출동하여 필요한 조치를 취하여야 하며, 피해자 보호를 최우선으로 하여야 한다.  
④ 국가 및 지방자치단체는 가정폭력피해자의 보호와 지원을 위한 시설을 설치·운영하거나 민간의 지원에 대한 재정적·행정적 지원을 할 수 있다.  
⑤ 가정폭력 피해자의 신변안전을 보호하기 위하여 필요한 경우 「주민등록법」 제20조에 따른 등록사항의 열람 또는 「가족관계의 등록 등에 관한 법률」 제14조에 따른 증명서의 발급을 제한할 수 있다.  
  
제4조(다른 법률과의 관계) 가정폭력범죄에 대하여 이 법을 적용하는 경우 다른 법률보다 우선하여 적용한다. 다만, 「아동복지법」, 「장애인력복지증진법」 등 다른 법률에서 피해자에 대한 특별한 보호규정을 두고 있는 경우에는 그 법률에서 정하는 바에 따른다."
20,"민법 제750조(불법행위의 내용) ① 고의 또는 과실로 인한 위법행위로 타인에게 손해를 가한 자는 그 손해를 배상할 책임이 있다. ② 자동차의 운행으로 인하여 손해를 입은 자가 있는 경우에는 운행자와 운전자는 연대하여 그 손해를 배상할 책임이 있다. 다만, 승객이 아닌 자가 사망한 경우 운행자 및 운전자가 사고로 그 손해를 방지하기 위하여 필요한 주의를 다한 때에는 손해배상책임이 경감될 수 있다. ③ 민법 제393조의 규정은 불법행위로 인한 손해배상에도 준용한다.  

형법 제330조(주거침입) 사람의 주거, 관리하는 건조물, 선박이나 항공기 또는 점유하는 방실에 침입한 자는 3년 이하의 징역 또는 500만원 이하의 벌금에 처한다.  

행정소송법 제19조(행정심판과의 관계) ① 취소소송의 제기는 처분의 효력이나 그 집행 또는 절차의 속행에 영향을 주지 아니한다. 다만, 법원은 당사자의 신청 또는 직권으로 처분의 집행에 대하여 상당한 이유가 있는 한도에서 이를 정지할 수 있다. ② 행정심판을 거칠 수 있는 경우에 처분이 있음을 안 날로부터 90일 이내에 행정심판을 제기할 수 있다. 다만, 처분시로부터 180일이 지난 때에는 행정심판을 제기할 수 없다.  

헌법 제37조 ② 국민의 모든 자유와 권리는 국가안전보장·질서유지 또는 공공복리를 위하여 필요한 경우에 한하여 법률로써 제한할 수 있으며, 제한하는 경우에도 자유와 권리의 본질적인 내용을 침해할 수 없다.  

민사소송법 제254조(소송대리인의 권한) 소송대리인은 위임을 받은 사건에 대하여 반소(反訴)와 상소(上訴)를 포함한 모든 소송행위와 변제(辨濟)의 수령(受領)을 할 수 있다. 다만, 특별수권이 필요한 사항에 관하여는 그러하지 아니하다.  

형사소송법 제312조(피의자신문조서) ① 검사가 피의자를 신문한 때에는 조서를 작성하여야 한다. ② 피의자신문조서에는 피의자에게 유리한 증거가 진술되었다면 이를 기재하고 피의자의 기명날인 또는 서명을 받아야 한다. ③ 제1항 및 제2항의 규정은 피의자가 조서작성 과정에서 이의를 제기한 때에도 이를 기재하도록 되어 있다.  

상법 제542조(주식회사의 해산사유) 주식회사는 다음 각 호의 사유에 해당하는 경우에 해산한다. 1. 존립기간의 만료 기타 정관으로 정한 사유발생 2. 합병 3. 파산 4. 법원의 명령 또는 판결 5. 주주총회의 해산결의  

주택임대차보호법 제3조(대항력 등) ① 임대차는 그 등기가 없는 경우에도 임차인이 주택의 인도와 주민등록을 마친 때에는 그 다음 날부터 제3자에 대하여 효력이 생긴다. ② 임대차계약은 등기한 경우에도 그 등기 후에 임차인이 주택의 인도와 주민등록을 하지 아니하면 제3자에 대항할 수 없다.  

부동산등기법 제49조(신청의 방식) ① 등기신청은 서면 또는 관할 등기소의 장이 정하는 전자적 방법으로 한다. ② 등기신청서에는 다음 각 호의 사항을 기재하고 신청인이 서명하거나 날인하여야 한다. 1. 신청인의 성명 또는 명칭, 주소 및 주민등록번호 2. 등기할 권리변동의 내용 및 그 원인 3. 등기의 목적 4. 부동산의 표시에 관한 사항 5. 등기원인 증명정보  

가족관계의 등록 등에 관한 법률 제87조(성본변경의 허가) ① 성년을 넘은 자는 정당한 사유가 있을 경우 가정법원의 허가를 받아 부모의 성본을 따르지 아니할 수 있다. ② 제1항의 허가를 받은 자는 가족관계등록부에 그 사항을 기록하여야 한다.  

민법 제103조(반사회질서의 법률행위) 선량한 풍속 기타 사회질서에 위반한 사항을 내용으로 하는 법률행위는 무효로 한다.  

형법 제263조(상해치사) 사람의 신체를 상해하여 사망에 이르게 한 자는 3년 이상의 유기징역에 처한다.  

행정절차법 제21조(처분의 방식) ① 처분은 문서로 하여야 하며, 신청 또는 직권으로 할 수 있다. ② 처분에 기재된 사항이 불분명한 경우에는 처분청은 당사자의 요청에 따라 그 해석 또는 보정을 하여야 한다. ③ 처분에는 처분청이 표시하고 그 명칭을 기재하여야 하며, 이유를 붙여야 한다.  

저작권법 제25조(학교교육 목적 등에의 이용) ① 공표된 저작물을 고등학교 및 이에 준하는 학교 이하의 학교의 교육 목적상 필요한 학교교육과정에서 교과용도로 이용은 수업자에게 저작물의 일부를 복제·배포·공연·방송 또는 전송할 수 있다. ② 제1항의 규정에 따른 교육기관은 저작물을 수업자료로 활용하기 위하여 복제·배포·공연·방송 또는 전송할 수 있다.  

도로법 제50조(도로의 점용 허가) ① 도로를 점용하고자 하는 자는 관리청의 허가를 받아야 한다. ② 제1항의 허가는 도로의 구조보전, 교통에 방해가 되지 아니하는 범위에서만 할 수 있다. ③ 점용허가를 받은 자는 매년 관리청에게 점용료를 납부하여야 한다.  

상법 제64조(상업등기의 효력) ① 등기할 사항이 정당한 절차와 방법에 따라 등기부에 기재된 경우 등기한 때로부터 그 사항에 관하여 선의의 제3자에게 대항할 수 있다. ② 등기한 사항에 변경이 있더라도 변경등기를 하기 전까지는 종전의 등기사항을 가지고 선의의 제3자에게 대항할 수 있다.  

근로기준법 제110조(연차유급휴가) ① 사용자는 1년간 80퍼센트 이상 출근한 근로자에게 15일의 유급휴가를 주어야 한다. ② 사용자는 계속하여 근로한 기간이 1년 미만인 근로자 또는 1년간 80퍼센트 미만 출근한 근로자에게는 1개월 개근 시 1일의 유급휴가를 주어야 한다. ③ 사용자는 제1항 및 제2항에 따른 휴가를 근로자가 청구한 시기에 주어야 하며, 그 기간에 대하여는 취업규칙 등에서 정하는 통상임금 또는 평균임금을 지급하여야 한다.  

민법 제762조(친족간의 불법행위) 친족과 친족이었던 자 사이에서는 제750조부터 제761조까지의 규정에 따른 청구가 인정되지 아니한다. 다만, 재산상의 불법행위인 경우 가해자의 고의 또는 중대한 과실이 있는 때에는 그러하지 아니하다.  

형법 제136조(공무집행방해) 직무를 집행하는 공무원에 대하여 폭행 또는 협박한 자는 5년 이하의 징역 또는 1천만원 이하의 벌금에 처한다.  

행정소송법 제9조(관할법원) ① 취소소송의 제1심 관할법원은 피고의 소재지를 관할하는 행정법원으로 한다. ② 중앙행정기관 또는 그 장이 피고인 경우 서울행정법원에 제기할 수 있다. ③ 처분의 효력정지 및 집행정지 신청은 처분청을 관할하는 행정법원에 할 수 있다.  

민사소송법 제288조(변론능력) 소송행위에는 변론능력이 있는 자가 아니면 이를 할 수 없다. 다만, 소송대리인은 변론능력이 없는 자를 대리하여 소송행위를 할 수 있다.  

형사소송법 제283조(변호인의 선임) ① 피고인 또는 피의자(이하 '피고인등')는 변호인을 선임할 수 있다. ② 변호인 선임은 소송계속 중 언제든지 할 수 있으며, 선임한 변호인을 해임할 수 있다. ③ 변호인 선임은 서면으로 하여야 한다. 다만, 공판준비 또는 공판기일에서는 구술로 할 수 있다.  

상법 제269조(발기인) 주식회사의 설립에는 발기인이 있어야 하며, 발기인은 정관을 작성하고 주식의 일부를 인수하여야 한다.  

주택임대차보호법 제6조(확정일자) ① 임대차계약에 관하여 확정일자를 갖춘 경우에는 그 후에 성립된 물권이나 채권에 우선한다. ② 확정일자는 임대차계약증서상의 확정일자인에 의하여 부여받거나 「공인중개사의 업무 및 부동산 거래신고에 관한 법률」에 따른 거래신고필증을 교부받은 경우 부여받은 것으로 본다.  

부동산등기법 제55조(등기필증의 교부) 등기관은 등기를 마친 경우 신청인에게 등기필증을 지체 없이 교부하여야 한다. 다만, 등기필증의 교부를 요하지 아니하는 등기에 대하여는 그러하지 아니하다.  

가족관계의 등록 등에 관한 법률 제12조(출생신고) ① 출생의 신고는 출생일로부터 1개월 이내에 하여야 한다. ② 출생신고는 출생자의 등록기준지 또는 신고인의 주소지나 현재지에서 할 수 있다. 

형법 제170조(실화) 과실로 인하여 건조물, 기차, 전차, 자동차, 선박, 항공기 또는 광갱(鑛坑)을 소실(燒失)한 자는 1년 이상 10년 이하의 징역에 처한다.  

상법 제398조(이사의 충성의무) 이사는 회사를 위하여 그 직무를 충실하게 수행하여야 한다.  

행정절차법 제8조(처분의 심사기준) 행정청은 처분이 다음 각 호의 기준에 맞는지를 심사하여야 한다. 1. 법령 위반 여부 2. 타당한 이유 및 절차 준수 3. 사실관계의 정확한 조사 4. 당사자의 권리보호  

민사소송법 제202조(민사소송법에서의 송달) ① 송달은 이 법에 특별한 규정이 없으면 민사소송법에 따른 송달의 규정에 의한다. ② 송달은 수령인에게 직접 교부함으로써 한다. 다만, 수령인이 거소불명 또는 소재불명일 경우 공시송달을 할 수 있다.  

형법 제241조(업무상비밀누설) 의사, 한의사, 치과의사, 약제사, 약종상, 조산사, 변호사, 변리사, 공인회계사, 공증인, 종교의 직에 있는 자 또는 이러한 직에 있던 자가 그 업무상 알게 된 비밀을 누설한 때에는 3년 이하의 징역이나 금고 또는 700만원 이하의 벌금에 처한다.  

상법 제467조(정당각서) 이사회는 필요한 경우 주주총회의 승인을 받아 회사합병, 영업의 전부 또는 중요한 일부의 양도, 자본감소, 회사해산, 정관변경 등 중요한 사항에 관하여 주주에게 서면으로 설명하고 의견을 묻는 서면을 송부할 수 있다.  

근로기준법 제44조(해고 등의 제한) ① 사용자는 근로자에 대하여 정당한 이유 없이 해고, 휴직, 정직, 전직, 감봉 기타 징벌(이하 '부당해고등')을 하지 못한다. ② 사용자는 근로자가 업무상 부상 또는 질병의 요양을 위하여 휴업한 기간과 그 후 30일간 및 산전·산후의 여성이 휴업한 기간과 그 후 30일간은 해고하지 못한다. 다만, 사용자가 업무상 부상 또는 질병의 요양을 위한 비용을 부담하지 아니하는 경우에는 그러하지 아니하다.  

민법 제390조(채무불이행과 손해배상) 채무자가 채무의 내용에 좇은 이행을 하지 아니한 때에는 채권자는 손해배상을 청구할 수 있다. 그러나 채무자에게 고의 또는 과실이 없는 때에는 그러하지 아니하다.  

형법 제355조(횡령) 타인의 재물을 보관하는 자가 그 재물을 횡령하거나 그 반환을 거부한 때에는 5년 이하의 징역 또는 1천500만원 이하의 벌금에 처한다.  

행정소송법 제25조(취소소송의 제기기간) 취소소송은 처분등이 있음을 안 날로부터 90일 이내에 제기하여야 한다. 처분등이 있은 날부터 1년을 경과하면 취소소송을 제기할 수 없다.  

민사소송법 제143조(소멸시효의 중단) 소멸시효는 다음 각 호의 사유로 중단된다. 1. 청구(請求)의 제기 2. 압류 또는 가압류, 가처분 3. 채무자의 승인  

형사소송법 제260조(자백과 증거능력) 피고인의 자백이 고문, 폭행, 협박, 신병의 부당한 장기화 또는 기망(欺罔)의 방법에 의하여 이루어졌다면 이를 유죄의 증거로 할 수 없다.  

상법 제318조(주식회사 설립의 등기) 주식회사의 설립등기는 발기인이 정관 작성 및 주식인수 후 납입금을 완납한 후 지체 없이 하여야 한다.  

주택임대차보호법 제10조(최우선변제의 원칙) 임대차는 그 임대차목적물에 대하여 다른 권리관계에 우선하여 그 효력이 있다. 다만, 선의의 제3자에게 대항할 수 없는 경우에는 그러하지 아니하다.  

부동산등기법 제13조(등기필정보의 제공) 등기관은 등기신청을 접수한 경우 등기필정보를 전산정보처리조직에 기록·보관하고, 등기필정보를 신청한 자에게 제공할 수 있다.  

가족관계의 등록 등에 관한 법률 제76조(성전환의 허가) ① 성전환을 이유로 성별정정을 하고자 하는 자는 가정법원의 허가를 받아야 한다. ② 제1항의 허가를 받은 때에는 가족관계등록부에 성별정정사실이 기록된다.  

민법 제536조(동시이행의 항변권) 쌍무계약의 당사자 일방은 상대방이 그 채무이행을 제공할 때까지 자기의 채무이행을 거절할 수 있다. 그러나 상대방의 채무가 변제기에 있지 아니한 때에는 그러하지 아니하다.  

형법 제143조(도주자동차) 도주한 자동차의 운전자나 승무원이 정당한 사유 없이 관계 공무원 등의 정지명령을 받고도 계속 도주한 때에는 3년 이하의 징역 또는 1천만원 이하의 벌금에 처한다.  

행정절차법 제25조(행정계획의 수립·변경·폐지) 행정청은 행정계획을 수립·변경 또는 폐지할 때 이해관계인의 의견을 듣고 관계 기관과의 협의를 거쳐야 한다. 다만, 법령에서 달리 정한 경우 또는 긴급히 처리해야 할 필요가 있는 경우에는 그러하지 아니하다.  

민사소송법 제199조(소송계속 중의 청구) 소송이 계속된 동안에 같은 사건으로서 다른 법원에 소송이 제기된 때에는 뒤의 소송은 각하하여야 한다.  

형사소송법 제308조(증거능력의 제한) 강제집행에 관한 문서와 공공의 이익에 관한 문서에 한하여 증거로 할 수 있다.  

상법 제22조(상업등기 없는 회사의 책임) 회사가 성립 후 본점소재지에서 등기하지 아니한 때에는 이해관계인은 그 등기할 때까지 회사를 상대로 등기하지 않았음을 이유로 손해배상을 청구할 수 있다.  

근로기준법 제50조(휴게) ① 사용자는 근로시간이 4시간인 경우에는 30분 이상, 8시간인 경우에는 1시간 이상의 휴게시간을 근로시간 도중에 주어야 한다. ② 휴게시간은 근로자가 자유의사로 이용할 수 있다.  

민법 제654조(전세권의 존속기간) ① 전세권의 존속기간은 10년을 넘지 못한다. 설정하는 경우에 그 기간이 10년을 넘는 때에는 이를 10년으로 단축한다. ② 전세권의 설정은 갱신할 수 있다. 그러나 그 기간은 갱신한 때로부터 10년을 넘지 못한다.  

형법 제283조(폭행) 사람의 신체에 대하여 폭행을 가한 자는 2년 이하의 징역, 500만원 이하의 벌금, 구류 또는 과료에 처한다.  

행정소송법 제3조(행정처분의 의의) 이 법에서 ""행정처분""이라 함은 행정청이 구체적 사안에 대하여 법집행으로서 하는 권력적 단독행위로서 공권력의 행사를 말한다.  

민사소송법 제186조(당연승계) 당사자가 사망하거나 소송능력을 상실한 때에는 피고인 경우 승계인이 소송을 수계하며, 원고인 경우 승계인이 없는 때에는 소송이 종료된다.  

형사소송법 제244조(피고인 신문의 절차) ① 검사는 피고인에게 진술거부권이 있음을 알리고 기소된 범죄의 사실여부를 신문할 수 있다. ② 법원은 피고인에게 진술거부권을 고지한 후 피고인에게 사건에 관한 진술을 요구할 수 있다.  

상법 제415조(이사의 주의의무) 이사는 회사에 대하여 선량한 관리자의 주의로써 그 직무를 수행할 의무를 진다.  

근로기준법 제34조(퇴직금) ① 사용자는 계속근로연수 1년에 대하여 30일분 이상의 평균임금을 퇴직금으로 지급하여야 한다. ② 제1항의 규정에 따른 퇴직금은 근로자가 퇴직한 날로부터 14일 이내에 지급하여야 한다.  

민법 제423조(연대채무의 내용) 수인이 연대채무자인 경우에는 채권자는 그 어느 연대체무자에 대하여 또는 동시나 순차로 모든 연대체무자에 대하여 채무의 전부 또는 일부의 이행을 청구할 수 있다.  

형법 제297조(준강간, 준강제추행) 사람의 심신상실 또는 항거불능의 상태를 이용하여 간음 또는 추행한 자는 제297조의 예에 따라 처벌한다.  

행정절차법 제31조(행정예고) 행정청은 규율의 제정 또는 개정 시 이해관계를 가진 자에게 예고하고 의견을 제출할 기회를 주어야 한다. 다만, 긴급한 사유가 있거나 예고로 인하여 공공의 이익을 현저히 해할 우려가 있는 경우 등 대통령령으로 정하는 경우에는 예고를 생략할 수 있다.  

민사소송법 제163조(소송능력) 미성년자와 한정치산자는 법정대리인에 의하지 아니하면 소송행위를 할 수 없다.  

형사소송법 제254조(피고인 신문조항) 검사는 피고인을 신문할 수 있으며, 피고인 또는 변호인은 검사에게 질문할 수 있도록 법원에 요청할 수 있다. 법원은 필요하다고 인정할 때에는 피고인을 신문할 수 있다.  

상법 제176조(설립등기 후 등기의 효력) 회사의 성립등기는 회사의 성립을 확정하는 효력이 있다. 등기 후 회사가 실체 없는 회사로 판명되더라도 등기를 말소하지 않고는 회사 존속을 부인할 수 없다.  

근로기준법 제55조(연장·휴일근로) ① 사용자는 연장근로(1주일 12시간 한도) 또는 휴일근로에 대하여 통상임금의 100분의 50 이상을 가산하여 지급하여야 한다. ② 사용자는 여성 근로자에게 시간외근로를 시킬 경우 본인의 동의와 노동부장관의 승인을 얻어야 한다.  

민법 제621조(전세권설정등기) 전세권은 설정등기함으로써 그 효력이 생긴다.  

형법 제152조(위증) 법원에 대하여 허위의 진술을 한 증인은 5년 이하의 징역 또는 1천만원 이하의 벌금에 처한다.  

행정소송법 제14조(피고적격) 취소소송의 피고는 처분을 한 행정청 또는 행정청이 없는 경우에는 그 처분을 할 권한이 있는 상급행정청으로 한다.  

민사소송법 제214조(가압류) 금전 기타 대체물 또는 유가증권의 지급을 목적으로 한 채권에 대하여 채권자는 채무자의 재산을 가압류할 수 있다.  

형사소송법 제310조(증거재판주의) 사실의 인정은 증거에 의하여야 한다.  

상법 제527조(주주의 권리) 주주는 정관에 다른 정함이 없는 한 다음에 열거하는 권리를 가진다. 1. 의결권 2. 이익배당청구권 3. 잔여재산분배청구권 4. 신주인수권 5. 설립무효의 소 제기권  

근로기준법 제7조(강제노동의 금지) 사용자는 폭행, 협박, 감금, 그 밖에 정신상 또는 신체상의 자유를 부당하게 구속하는 수단으로써 근로자의 자유의사에 반하는 노동을 강요하여서는 아니 된다.  

민법 제759조(공동불법행위) 수인이 공동의 불법행위로 타인에게 손해를 가한 때에는 연대하여 그 손해를 배상할 책임이 있다.  

형법 제329조(강도) 폭행 또는 협박으로 타인의 재물을 강취하거나 기타 재산상의 이익을 취득한 자는 3년 이상의 유기징역에 처한다.  

행정절차법 제16조(처분의 사전통지) 행정청은 처분을 하려면 당사자에게 사전통지서를 송달하여 의견제출의 기회를 주어야 한다. 다만, 긴급히 처분을 할 필요가 있거나 의견청취가 현저히 곤란하거나 불필요한 경우 등 대통령령으로 정하는 경우에는 예고를 생략할 수 있다.  

민사소송법 제125조(제소전화해) 민사분쟁을 예방하기 위하여 당사자는 법원에 제소전화해를 신청할 수 있다.  

형사소송법 제253조(증거보전의 청구) 검사, 피고인 또는 변호인은 미리 증거를 보전하지 아니하면 그 증거를 사용하기 곤란할 염려가 있는 때에는 제1회 공판기일 전이라도 판사에게 증거보전을 청구할 수 있다.  

상법 제65조(상호의 등기) 상인은 그 성명 기타의 명칭으로 상호를 정할 수 있으며, 이를 등기함으로써 타인의 동일한 상호사용을 금지할 수 있는 권리를 가진다.  

근로기준법 제24조(휴업수당) 사용자의 사정 또는 천재·사변 기타 부득이한 사유로 휴업하는 경우에 사용자는 휴업기간 중 근로자에게 평균임금의 100분의 70 이상의 수당을 지급하여야 한다.  

민법 제563조(전세권자의 권리) 전세권자는 전세금을 지급하고 타인의 부동산을 점유하여 그 부동산의 용도에 쫓아 사용·수익할 권리가 있다.  

형법 제193조(권리행사방해) 타인의 점유 또는 권리의 행사를 방해한 자는 3년 이하의 징역 또는 500만원 이하의 벌금에 처한다.  

행정소송법 제2조(정의) 이 법에서 사용하는 용어의 정의는 다음과 같다. 1. ""행정청""이라 함은 국가 또는 지방자치단체의 기관 기타 법령 또는 자치법규에 의하여 행정권한을 가지고 있거나 행정권한을 위임 또는 위탁받은 공공단체 또는 그 기관 또는 사인을 말한다.  

민사소송법 제148조(부대항송) 항소심은 원고의 청구에 대하여 항소의 이익이 없는 때에는 직권으로 판결로 소를 각하할 수 있다.  

형사소송법 제275조(상소제기기간) 상소는 판결이 선고된 날로부터 7일 이내에 제기하여야 한다.  

상법 제467조(이사의 책임) 이사가 고의 또는 과실로 법령 또는 정관에 위반한 행위를 하거나 그 임무를 해태한 때에는 회사에 대하여 연대하여 손해를 배상할 책임이 있다.  

근로기준법 제46조(근로시간) ① 1주간의 근로시간은 휴식시간을 제하고 40시간을 초과할 수 없다. ② 1일 근로시간은 휴식시간을 제하고 8시간을 초과할 수 없다. ③ 사용자는 1주일에 평균 1회 이상의 유급휴일을 주어야 한다.  

민법 제479조(연대채무자의 구상권) 연대채무자 중 1인이 변제 기타 자기의 재산으로 공동면책이 된 때에는 다른 연대채무자에 대하여 그 부담부분에 관하여 구상권을 행사할 수 있다.  

형법 제246조(공갈) 폭행 또는 협박으로 인하여 사람으로 하여금 공포심을 일으키게 하여 재물의 교부를 받거나 재산상의 이익을 취득한 자는 10년 이하의 징역에 처한다.  

행정절차법 제3조(적용범위) 이 법은 행정청과 당사자 간의 행정처분, 행정입법, 행정계획, 신고, 확인, 행정심판 기타 행정작용에 적용한다.  

민사소송법 제208조(소송물의 특정) 소는 특정의 법률관계의 형성에 관한 청구가 있어야 한다.  

형사소송법 제307조(유리한 증거조사) 법원은 피고인이 유리하다고 인정하는 증거를 조사할 수 있다.  

상법 제27조(상업장부) 상인은 영업상의 재산 및 손익의 상황을 명확히 하기 위하여 상업장부를 갖추어야 하며, 이와 관련된 서류를 보존하여야 한다.  

근로기준법 제60조(연금보험 등) 사용자는 근로자를 피보험자 또는 수익자로 하여 연금보험·생명보험·상해보험 또는 장기저축에 드는 보험료를 부담하거나 근로자에게 지급할 급여의 일부를 공제하여 보험료로 납부할 수 있다.  

민법 제373조(채권의 목적) 채권의 목적은 금전으로 평가될 수 있는 것이 아니면 안된다.  

형법 제334조(절도) 타인의 재물을 절취한 자는 6년 이하의 징역 또는 1천만원 이하의 벌금에 처한다.  

행정소송법 제7조(피고경정) 원고는 피고의 경정이 있을 때에는 소송절차의 중단 없이 새로운 피고를 상대로 소송을 계속할 수 있다.  

민사소송법 제159조(소송물의 변경) 원고는 청구의 기초에 변경이 없는 한도에서 청구의 변경을 할 수 있다.  

형사소송법 제247조(증거동의) 검사, 피고인 또는 변호인은 증거에 동의할 수 있다. 증거에 동의한 때에는 그 증거는 진정한 것으로 추정된다.  

상법 제159조(주식의 종류) 주식회사는 정관으로 보통주, 종류주 또는 우선주 등 다양한 종류의 주식을 발행할 수 있다.  

근로기준법 제11조(강제근로 금지) 사용자는 폭행, 협박, 감금, 그 밖에 정신상 또는 신체상의 자유를 부당하게 구속하는 수단으로써 근로자의 자유의사에 반하는 근로를 강요하지 못한다.  

민법 제543조(이행의 제공) 채무자는 채무의 내용에 좇은 이행을 제공하여 채권자의 이행을 청구할 수 있다. 채권자는 이행의 제공이 있지 아니하면 이행을 거절할 수 있다.  

형법 제164조(방화) 불을 놓아 건조물, 기차, 전차, 자동차, 선박, 항공기 또는 광갱을 소훼한 자는 무기 또는 3년 이상의 징역에 처한다.  

행정절차법 제2조(정의) 이 법에서 사용하는 용어의 정의는 다음과 같다. 1. ""행정청""이라 함은 국가 또는 지방자치단체의 기관 기타 법령 또는 자치법규에 의하여 행정권한을 가지고 있거나 행정권한을 위임 또는 위탁받은 공공단체 또는 그 기관 또는 사인을 말한다. 2. ""당사자""라 함은 행정청의 처분 또는 부작위로 인하여 자기의 권리와 이익이 침해되거나 침해될 우려가 있는 자를 말한다.  

민사소송법 제135조(소송계속 중의 계약해제) 소송이 계속된 후에 원고가 계약을 해제한 때에는 피고는 소송절차를 수계할 수 있다.  

형사소송법 제299조(피고인의 진술거부권) 피고인은 언제든지 진술을 거부할 수 있다.  

상법 제151조(발기인의 책임) 발기인은 회사의 성립에 관하여 회사의 불성립 또는 부정한 방법으로 인한 손해에 대하여 연대책임을 진다.  

근로기준법 제10조(평등대우의 원칙) 사용자는 근로자에 대하여 남녀를 차별대우하지 못하며, 국적·신앙 또는 사회적 신분을 이유로 근로조건에 차별적 처우를 하지 못한다.  

민법 제570조(전세권의 소멸청구) 전세권자가 전세권설정계약 또는 그 목적물의 성질에 의하여 정해진 용법으로 이를 사용·수익하지 아니한 때에는 설정자는 전세권의 소멸을 청구할 수 있다.  

형법 제357조(배임수재) 타인의 사무를 처리하는 자가 그 임무에 관하여 부정한 청탁을 받고 재물 또는 재산상의 이익을 취득한 자는 5년 이하의 징역 또는 1천만원 이하의 벌금에 처한다.  

행정소송법 제10조(제소기간) 취소소송은 처분등이 있은 날부터 90일 이내에 제기하여야 한다. 다만, 처분등이 있은 날부터 1년을 경과한 때에는 취소할 수 없다.  

민사소송법 제219조(항소) 항소장은 원심법원에 제출하여야 하며, 항소법원은 원심법원의 소재지를 관할하는 상급법원이다.  

형사소송법 제323조(공판절차의 갱신) 공판절차가 갱신된 때에는 피의자에 대한 증거조사와 피고인 신문이 행하여진 것으로 보지 아니한다.  

상법 제393조(이사회의 권한) 이사회는 다음 각 호의 사항을 결정한다. 1. 회사의 업무집행에 관한 사항의 의결 2. 이사의 직무집행의 감독 3. 정관에 정한 중요한 재산의 처분 및 양도 4. 지주회사의 설립 또는 해산  

근로기준법 제56조(연장근로) 사용자는 근로시간 연장 없이 근로자의 동의를 얻어 1주일에 12시간을 한도로 연장근로하게 할 수 있다.  

민법 제414조(채권자에 의한 이행강제) 채무자가 임의로 이행하지 아니한 때에는 채권자는 법원에 이행을 명할 것을 청구할 수 있다.  

형법 제350조(배임) 타인의 사무를 처리하는 자가 그 임무에 위배하는 행위로써 재산상의 이익을 취득하거나 제3자로 하여금 이를 취득하게 하여 본인에게 손해를 가한 때에는 5년 이하의 징역 또는 1천500만원 이하의 벌금에 처한다.  

행정절차법 제4조(신의성실의 원칙) 행정청과 당사자는 권리를 행사하거나 의무를 이행할 때 신의에 좇아 성실히 하여야 한다.  

민사소송법 제196조(소송물의 동일성) 소송이 계속된 사건과 다른 사건 사이에 소송물의 기초가 되는 사회적 생활관계가 동일하거나 밀접한 관련이 있는 경우에는 법원은 직권으로 관련청구를 병합할 수 있다.  

형사소송법 제288조(변호인의 참여권) 변호인은 검사 또는 사법경찰관의 피의자 신문, 압수·수색·검증, 감정 등의 절차에 참여할 수 있다.  

상법 제382조(이사의 임면) 이사는 주주총회의 결의에 의하여 선임 또는 해임한다.  

근로기준법 제6조(강제근로 금지) 사용자는 폭행, 협박, 감금, 그 밖에 정신상 또는 신체상의 자유를 부당하게 구속하는 수단으로써 근로자의 자유의사에 반하는 근로를 강요하지 못한다.  

민법 제35조(법인의 성립) 법인은 법률의 규정에 의함이 아니면 성립하지 못한다.  

형법 제185조(교통방해) 철도, 도로, 수상 또는 항공의 교통을 방해한 자는 10년 이하의 징역 또는 1천500만원 이하의 벌금에 처한다.  

행정소송법 제4조(처분청) 이 법에서 ""처분청""이라 함은 처분을 한 행정청을 말한다.  

민사소송법 제171조(소송능력자) 미성년자 또는 한정치산자는 법정대리인에 의하지 아니하면 소송행위를 할 수 없다.  

형사소송법 제279조(상소권 회복) 상소권을 회복하려는 자는 그 사유가 종료한 날로부터 7일 이내에 상소권회복신청서를 원심법원에 제출하여야 한다.  

상법 제125조(주식회사의 자본금) 주식회사의 자본금은 발행주식의 액면총액으로 한다.  

근로기준법 제28조(휴게) ① 사용자는 근로시간이 4시간인 경우에는 30분 이상, 8시간인 경우에는 1시간 이상의 휴게시간을 근로시간 도중에 주어야 한다. ② 휴게시간은 근로자가 자유의사로 이용할 수 있다.  

민법 제703조(조합의 의의) 조합은 2인 이상이 상호출자하여 공동사업을 경영할 것을 약정함으로써 그 효력이 생긴다.  

형법 제212조(유가증권위조) 행사할 목적으로 대한민국 또는 외국의 공채증서, 약속어음, 환어음, 수표, 기타 유가증권을 위조 또는 변조한 자는 1년 이상 10년 이하의 징역에 처한다.  

행정절차법 제10조(처분의 이유제시) 행정청은 처분을 할 때 이유를 제시하여야 한다. 다만, 신속한 처분이 필요하거나 이유제시가 현저히 곤란한 경우 등 대통령령으로 정하는 경우에는 이유를 제시하지 아니할 수 있다.  

민사소송법 제205조(이행명령) 법원은 피고가 이행하지 아니한 청구사항에 대하여 이행을 명하는 판결을 할 수 있다.  

형사소송법 제300조(고소) 고소권은 범죄피해자와 그 법정대리인 또는 배우자가 가진다.  

상법 제542조(주식회사의 해산사유) 주식회사는 다음 각 호의 사유에 해당하는 경우에 해산한다. 1. 존립기간의 만료 기타 정관으로 정한 사유발생 2. 합병 3. 파산 4. 법원의 명령 또는 판결 5. 주주총회의 해산결의  

근로기준법 제8조(근로조건의 준수) 근로자와 사용자는 근로계약, 취업규칙, 단체협약 등에서 정한 근로조건을 준수하고 성실히 이행할 의무가 있다.  

민법 제105조(임의규정) 법률행위의 당사자가 법령 중의 선량한 풍속 기타 사회질서에 관계없는 규정과 다른 의사를 표시한 때에는 그 의사에 의한다.  

형법 제250조(살인) 사람을 살해한 자는 사형, 무기징역 또는 5년 이상의 징역에 처한다.  

행정소송법 제5조(행정청의 권한) 행정청은 법령의 범위에서 그 권한에 속하는 행정처분을 할 수 있다.  

민사소송법 제178조(소송대리인의 권한) 소송대리인은 위임을 받은 사건에 대하여 반소, 상소, 화해, 청구의 포기·인낙, 소송탈퇴 기타 소송행위를 할 수 있다.  

형사소송법 제241조(피의자 신문) 검사는 피의자를 신문할 수 있으며, 피의자에게 유리한 증거가 있는 때에는 이를 조서에 기재하여야 한다.  

상법 제401조(이사의 책임 면제) 이사는 고의 또는 중대한 과실 없이 법령 또는 정관에 위반한 행위로 회사에 손해를 입힌 경우에는 그 책임을 면할 수 있다.  

근로기준법 제38조(휴업수당) 사용자의 사정 또는 천재·지변 기타 부득이한 사유로 휴업하는 경우에 사용자는 휴업기간 중 근로자에게 평균임금의 100분의 70 이상의 수당을 지급하여야 한다.  

민법 제2조(신의성실) ① 권리의 행사와 의무의 이행은 신의에 좇아 성실히 하여야 한다. ② 권리라 할지라도 남용하지 못한다.  

형법 제328조(절도미수) 절도의 미수는 처벌할 수 있다.  

행정절차법 제30조(행정예고 기간) 행정예고 기간은 특별한 사정이 없는 한 20일 이상으로 한다.  

민사소송법 제221조(항소장) 항소장에는 다음 각 호의 사항을 기재하고 항소인이 서명 또는 날인하여야 한다. 1. 당사자와 법정대리인 2. 제1심 판결의 표시 3. 항소의 취지와 그 이유  

형사소송법 제318조(조서의 증거능력) 피의자 신문조서, 검증조서, 압수조서 등 수사기관이 작성한 조서는 피고인이 진정성립여부를 인정하거나 제312조 제2항의 절차에 따라 증거능력이 인정된다.  

상법 제351조(주식양도의 제한) 정관에 주식의 양도를 이사회의 승인을 얻도록 정한 경우 주식양수인은 이사회 승인 없이 회사를 상대로 주식양수인의 권리를 주장할 수 없다.  

근로기준법 제54조(연장·야간 및 휴일근로) ① 사용자는 연장근로(1주일 12시간 한도), 야간근로(오후 10시부터 오전 6시까지) 또는 휴일근로에 대하여 통상임금의 100분의 50 이상을 가산하여 지급하여야 한다.  

민법 제598조(소비대차의 의의) 소비대차는 당사자 일방이 금전 기타 대체물의 소유권을 상대방에게 이전할 것을 약정하고 상대방은 그와 같은 종류, 품질 및 수량으로 반환할 것을 약정함으로써 그 효력이 생긴다.  

형법 제283조(공무집행방해) 직무를 집행하는 공무원에 대하여 폭행 또는 협박한 자는 5년 이하의 징역 또는 1천만원 이하의 벌금에 처한다.  

행정소송법 제6조(소송비용) 취소소송의 소송비용은 피고가 부담한다. 다만, 원고의 청구가 부분적으로 인용된 때에는 법원의 결정으로 소송비용의 부담을 정할 수 있다.  

민사소송법 제168조(피고 경정) 원고는 피고의 경정이 있을 때에는 소송절차의 중단 없이 새로운 피고를 상대로 소송을 계속할 수 있다.  

형사소송법 제246조(증거서류) 증거는 서류로 제출할 수 있으며, 법원은 필요하다고 인정할 때에는 증거조사를 할 수 있다.  

상법 제165조(주식회사의 조직) 주식회사는 주주총회, 이사회, 감사로 구성한다.  

근로기준법 제15조(근로계약의 기간) 근로계약은 기간을 정하지 아니하거나 1년을 초과하지 않는 기간으로 체결하여야 한다. 다만, 특수직에 종사하는 근로자 또는 1년을 초과하는 기간으로 근로계약을 체결하는 것이 부득이한 경우에는 그러하지 아니하다.  

민법 제37조(법인의 사무의 검사, 감독) 법인의 사무는 주무관청 기타 법인의 감독관이 검사·감독한다.  

형법 제347조(사기) 사람을 기망하여 재물의 교부를 받거나 재산상의 이익을 취득한 자는 10년 이하의 징역에 처한다.  

행정절차법 제5조(권한남용 금지) 행정청은 권한을 남용하거나 그 권한의 범위를 넘어 행정작용을 하여서는 아니 된다.  

민사소송법 제181조(소송대리인의 선임) 소송대리인의 선임은 서면으로 하여야 한다. 다만, 변론기일 또는 변론준비기일에서는 구술로 할 수 있다.  

형사소송법 제294조(불복방법) 검사, 피고인 또는 변호인은 증거조사에 대하여 이의를 제기할 수 있다.  

상법 제195조(주식회사의 해산) 주식회사는 다음 각 호의 사유가 있을 때 해산한다. 1. 존립기간의 만료 2. 합병 3. 파산 4. 법원의 해산명령 5. 주주총회의 해산결의  

근로기준법 제32조(연차유급휴가) ① 사용자는 1년간 80퍼센트 이상 출근한 근로자에게 15일의 유급휴가를 주어야 한다. ② 사용자는 계속하여 근로한 기간이 1년 미만인 근로자 또는 1년간 80퍼센트 미만 출근한 근로자에게는 1개월 개근 시 1일의 유급휴가를 주어야 한다.  

민법 제147조(조건의 성취, 불성취의 법적 효과) ① 정지조건 있는 법률행위는 조건이 성취한 때로부터 그 효력이 생긴다. ② 해제조건 있는 법률행위는 조건이 성취한 때로부터 그 효력을 잃는다. ③ 당사자가 조건성취의 효력을 그 성취 전에 소급하게 할 의사를 표시한 때에는 그 의사에 의한다.  

형법 제359조(배임수증재) 타인의 사무를 처리하는 자가 그 임무에 관하여 부정한 청탁을 받고 재물 또는 재산상의 이익을 공여한 자는 5년 이하의 징역 또는 1천만원 이하의 벌금에 처한다.  

행정소송법 제11조(행정심판전치주의) 법령에 행정심판의 전치가 요구되는 처분에 대한 취소소송은 행정심판을 거치지 아니하면 제기할 수 없다.  

민사소송법 제190조(소송물 변경의 허용) 법원은 원고의 동의 없이 소의 변경을 허가하지 못한다.  

형사소송법 제258조(증거조사) 검사, 피고인 또는 변호인은 증거조사를 신청할 수 있으며, 법원은 필요하다고 인정할 때에는 직권으로 증거조사를 할 수 있다.  

상법 제409조(이사의 충실의무) 이사는 회사에 대하여 선량한 관리자로서의 주의의무를 다하여야 하며, 회사의 이익을 우선하여 행위하여야 한다.  

근로기준법 제36조(연장근로) 사용자는 근로시간 연장 없이 근로자의 동의를 얻어 1주일에 12시간을 한도로 연장근로하게 할 수 있다.  

민법 제426조(연대채무자 간 구상권) 연대채무자 중 1인이 변제 기타 자기의 재산으로 공동면책이 된 때에는 다른 연대채무자에 대하여 그 부담부분에 관하여 구상권을 행사할 수 있다.  

형법 제332조(야간절도) 야간에 건조물, 선박, 항공기 또는 점유하는 방실에 침입하여 절취한 자는 10년 이하의 징역에 처한다.  

행정절차법 제28조(의견제출 기한) 행정청은 당사자에게 의견제출의 기간을 10일 이상으로 하여야 한다.  

민사소송법 제210조(항소심의 심리) 항소법원은 항소장, 답변서, 기타 소송자료를 기초로 사건을 심리한다.  

형사소송법 제305조(공판절차) 공판절차는 모두절차, 증거조사, 논고, 최종변론, 판결의 순서로 진행한다.  

상법 제176조(주식회사 설립의 등기) 주식회사의 성립등기는 발기인이 정관을 작성하고 주식총수를 인수·납입한 후 지체 없이 하여야 한다.  

근로기준법 제4조(근로조건의 기준) 근로조건은 이 법에서 정하는 기준을 저하시키지 못하는 범위에서 근로자와 사용자가 자유의사로 결정한다.  

민법 제535조(이행지체) 채무자가 이행의 기한을 경과한 때에는 채권자는 이행을 청구할 수 있다. 그러나 채무자가 그 기한전에 이행하지 아니한 때에는 채권자는 기한이 도래한 때로부터 이행을 청구할 수 있다.  

형법 제194조(교통방해치사상) 교통방해로 인하여 사람을 사상(死傷)에 이르게 한 자는 3년 이상의 유기징역에 처한다.  

행정소송법 제15조(소의 이익) 취소소송은 처분등의 효력이 소멸한 후에도 그 처분등이 법률상의 효과가 있는 경우 또는 처분등의 취소로 인하여 회복할 법률상의 이익이 있는 경우에 제기할 수 있다.  

민사소송법 제175조(소송대리인의 권한) 소송대리인은 위임을 받은 사건에 대하여 반소, 상소, 화해, 청구의 포기·인낙, 소송탈퇴 기타 소송행위를 할 수 있다.  

형사소송법 제272조(상소제기 기간) 상소는 판결이 선고된 날로부터 7일 이내에 제기하여야 한다.  

상법 제528조(주주의 의결권) 각 주주는 보유한 주식의 수에 따라 의결권을 가진다.  

근로기준법 제9조(강제근로 금지) 사용자는 폭행, 협박, 감금, 그 밖에 정신상 또는 신체상의 자유를 부당하게 구속하는 수단으로써 근로자의 자유의사에 반하는 근로를 강요하지 못한다.  

민법 제387조(채무불이행과 손해배상) 채무자가 채무의 내용에 좇은 이행을 하지 아니한 때에는 채권자는 손해배상을 청구할 수 있다. 그러나 채무자에게 고의 또는 과실이 없는 때에는 그러하지 아니하다.  

형법 제301조(강간) 폭행 또는 협박으로 부녀를 강간한 자는 3년 이상의 유기징역에 처한다.  

행정절차법 제32조(행정예고의 방법) 행정청은 행정예고 시 관보·공보·인터넷 또는 일간신문에 공고하여야 한다.  

민사소송법 제189조(소송물 변경) 원고는 청구의 기초에 변경이 없는 한도에서 청구의 변경을 할 수 있다.  

형사소송법 제315조(자백의 보강증거) 피고인의 자백이 그 피고인에게 불리한 유일한 증거인 때에는 이를 유죄의 증거로 삼을 수 없다.  

상법 제412조(이사의 주의의무) 이사는 회사에 대하여 선량한 관리자의 주의로써 그 직무를 수행할 의무를 진다.  

근로기준법 제5조(근로계약) 근로계약은 근로자와 사용자가 동등한 지위에서 자유의사에 의해 체결하여야 하며, 근로계약서에 근로조건을 명시하여야 한다.  

민법 제265조(공유물의 사용, 수익) 공유자는 공유물의 전부에 대하여 그 지분에 관하여 사용·수익할 수 있다.  

형법 제257조(상해) 사람의 신체를 상해한 자는 7년 이하의 징역, 10년 이하의 자격정지 또는 1천만원 이하의 벌금에 처한다.  

행정소송법 제16조(피고적격) 취소소송의 피고는 처분을 한 행정청 또는 행정청이 없는 경우에는 그 처분을 할 권한이 있는 상급행정청으로 한다.  

민사소송법 제226조(항소장 부본 송달) 항소장이 제출된 때에는 항소장 부본을 피고에게 송달하여야 한다.  

형사소송법 제250조(증거보전) 검사, 피고인 또는 변호인은 제1회 공판기일 전에 증거보전을 청구할 수 있다.  

상법 제154조(설립비용) 주식회사의 설립에 관한 비용은 발기인이 부담한다.  

근로기준법 제30조(휴게) ① 사용자는 근로시간이 4시간인 경우에는 30분 이상, 8시간인 경우에는 1시간 이상의 휴게시간을 근로시간 도중에 주어야 한다. ② 휴게시간은 근로자가 자유의사로 이용할 수 있다.  

민법 제544조(이행지체와 해제) 당사자 일방이 그 채무를 이행하지 아니하는 때에는 상대방은 상당한 기간을 정하여 이행을 최고하고 그 기간 내에 이행하지 아니한 때에는 계약을 해제할 수 있다. 그러나 채무자가 그 기간 내에 이행하지 아니한 때에는 상당한 기간을 정하지 아니하고 계약을 해제할 수 있다.  

형법 제251조(준강간, 준강제추행) 사람의 심신상실 또는 항거불능의 상태를 이용하여 간음 또는 추행한 자는 강간 또는 강제추행의 죄와 동일한 형으로 처벌한다.  

행정절차법 제33조(행정예고의 생략) 행정청은 긴급한 사유가 있거나 예고로 인하여 공공의 이익을 현저히 해할 우려가 있는 경우 등 대통령령으로 정하는 경우에는 행정예고를 생략할 수 있다.  

민사소송법 제193조(소송물 변경의 효과) 청구의 변경은 소송계속을 중단시키지 아니한다.  

형사소송법 제249조(증거조사의 방식) 증거조사는 서류·물건 등에 의한 조사, 증인·감정인·통역인 등의 신문에 의한 조사, 검증·감정 등의 방식으로 한다.  

상법 제514조(해산의 효과) 회사가 해산한 때에는 청산인이 회사의 재산을 정리하고 채권자에 대한 변제를 한다.  

근로기준법 제42조(휴업수당) 사용자의 사정 또는 천재·사변 기타 부득이한 사유로 휴업하는 경우에 사용자는 휴업기간 중 근로자에게 평균임금의 100분의 70 이상의 수당을 지급하여야 한다.  

민법 제104조(반사회질서의 법률행위) 선량한 풍속 기타 사회질서에 위반한 사항을 내용으로 하는 법률행위는 무효로 한다.  

형법 제260조(폭행) 사람의 신체에 대하여 폭행을 가한 자는 2년 이하의 징역, 500만원 이하의 벌금, 구류 또는 과료에 처한다.  

행정소송법 제17조(소송절차의 정지) 행정소송의 계속 중에 같은 사건에 대하여 행정심판이 청구된 때에는 법원은 그 행정심판의 재결서 정본이 송달될 때까지 소송절차를 정지할 수 있다.  

민사소송법 제128조(제소전화해) 민사분쟁을 예방하기 위하여 당사자는 법원에 제소전화해를 신청할 수 있다.  

형사소송법 제320조(공판절차의 갱신) 공판절차가 법원의 구성원인 법관 또는 검사의 변경으로 인하여 갱신된 때에는 피고인에 대한 증거조사와 피고인 신문이 행하여진 것으로 보지 아니한다.  

상법 제389조(이사의 보수) 이사의 보수는 정관에 규정이 없는 때에는 주주총회의 결의에 의하여 정한다.  

근로기준법 제14조(근로계약의 기간) 근로계약은 기간을 정하지 아니하거나 1년을 초과하지 않는 기간으로 체결하여야 한다.  

민법 제355조(물건의 정의) 이 법에서 물건이라 함은 유체물 및 전기 기타 관리할 수 있는 자연력을 말한다.  

형법 제358조(배임수재) 타인의 사무를 처리하는 자가 그 임무에 관하여 부정한 청탁을 받고 재물 또는 재산상의 이익을 취득한 자는 5년 이하의 징역 또는 1천만원 이하의 벌금에 처한다.  

행정절차법 제7조(처분의 방식) 행정청은 처분을 할 때에는 문서로 하여야 하며, 신청 또는 직권으로 할 수 있다.  

민사소송법 제138조(소송물의 특정) 소는 특정의 법률관계의 형성에 관한 청구가 있어야 한다.  

형사소송법 제297조(변호인의 조력) 피고인은 변호인으로부터 조력을 받을 권리를 가진다.  

상법 제161조(정관의 작성) 주식회사의 발기인은 정관을 작성하여 다음의 사항을 기재하고 기명날인 또는 서명하여야 한다. 1. 목적 2. 상호 3. 회사가 발행할 주식의 총수 4. 1주의 금액 5. 회사의 설립 시에 발행하는 주식의 총수 6. 본점의 소재지 7. 회사의 공고방법  

근로기준법 제19조(근로조건의 명시) 사용자는 근로계약 체결 시 근로자에게 임금, 근로시간, 휴일, 휴가 등 근로조건을 명시하여야 한다.  

민법 제601조(임대차) 임차인은 임대차계약에 따라 임대인으로부터 목적물을 사용·수익할 권리를 가진다. 임대인은 임차인으로부터 차임을 지급할 것을 구할 권리를 가진다.  

형법 제141조(재물손괴 등) 타인의 재물, 문서 또는 전자기록등 특수매체기록을 손괴 또는 은닉 기타 방법으로 기효용을 해한 자는 3년 이하의 징역 또는 700만원 이하의 벌금에 처한다.  

행정소송법 제18조(소송비용) 취소소송의 소송비용은 피고가 부담한다. 다만, 원고의 청구가 부분적으로 인용된 때에는 법원의 결정으로 소송비용의 부담을 정할 수 있다.  

민사소송법 제231조(항소장) 항소장에는 다음 각 호의 사항을 기재하고 항소인이 서명 또는 날인하여야 한다. 1. 당사자와 법정대리인 2. 제1심 판결의 표시 3. 항소의 취지와 그 이유  

형사소송법 제302조(고소) 고소는 범죄사실에 대하여 수사기관에 고소장을 제출함으로써 한다.  

상법 제156조(발기인의 책임) 발기인은 회사의 불성립 또는 설립에 관한 부실한 행위로 인하여 손해를 입은 자에 대하여 연대책임을 진다.  

근로기준법 제52조(연장근로) 사용자는 근로시간 연장 없이 근로자의 동의를 얻어 1주일에 12시간을 한도로 연장근로하게 할 수 있다.  

민법 제365조(전세권 설정의 효력) 전세권자는 전세금을 지급하고 타인의 부동산을 점유하여 그 부동산의 용도에 따라 사용·수익할 권리가 있다.  

형법 제353조(횡령) 타인의 재물을 보관하는 자가 그 재물을 횡령하거나 그 반환을 거부한 때에는 6년 이하의 징역 또는 3천만원 이하의 벌금에 처한다.  

행정절차법 제9조(처분의 심사기준) 행정청은 처분을 할 때 다음 각 호의 사항을 고려하여야 한다. 1. 법령의 준수 2. 타당한 이유 및 절차 3. 사실관계의 정확성 4. 이해관계인의 권리보호  

민사소송법 제145조(소송능력자) 소송행위의 당사자가 소송능력이 없는 때에는 그 행위는 무효인가?  

형사소송법 제325조(판결의 정정) 판결서에 오류나 생략이 있는 때에는 법원은 직권 또는 검사, 피고인 또는 변호인의 신청에 의하여 정정할 수 있다.  

상법 제418조(이사의 의무) 이사는 회사에 대하여 선량한 관리자의 주의로써 그 직무를 수행할 의무를 진다.  

근로기준법 제3조(근로조건의 기준) 근로조건은 인간의 존엄성을 보장하도록 정하여야 하며, 이 법에서 정한 기준을 저하시켜서는 아니 된다.  

민법 제111조(대리의 의의) 대리인은 본인 이름으로 법률행위를 하되, 그 효력은 직접 본인에게 귀속된다.  

형법 제253조(준강제추행) 사람의 심신상실 또는 항거불능의 상태를 이용하여 추행한 자는 강제추행의 예에 따라 처벌한다.  

행정절차법 제1조(목적) 이 법은 행정절차와 이에 관련된 사항을 규정함으로써 행정의 공정성·투명성 및 신뢰성을 확보하고 국민의 권리를 보호함을 목적으로 한다.  

민사소송법 제121조(소송물의 변경) 원고는 청구의 기초에 변경이 없는 한도에서 청구의 변경을 할 수 있다.  

형사소송법 제244조(증거동의) 검사, 피고인 또는 변호인은 증거에 동의할 수 있으며, 동의한 증거는 진정한 것으로 추정된다.  

상법 제167조(정관의 변경) 주식회사의 정관 변경은 주주총회의 특별결의에 의한다.  

근로기준법 제2조(정의) 이 법에서 사용하는 용어의 정의는 다음과 같다. 1. ""근로자""라 함은 직업의 종류와 관계없이 임금을 목적으로 사업이나 사업장에 근로를 제공하는 자를 말한다. 2. ""사용자""라 함은 사업주, 사업의 경영자, 기타 사업주를 위하여 근로자에 관한 사항에 대한 업무를 행하는 자를 말한다.  

민법 제109조(사기의 의사로 인한 의사표시) 사기나 협박에 의한 의사표시는 취소할 수 있다.  

형법 제144조(손괴) 타인의 재물, 문서 또는 전자기록등 특수매체기록을 손괴 또는 은닉 기타 방법으로 기효용을 해한 자는 3년 이하의 징역 또는 700만원 이하의 벌금에 처한다.  

행정소송법 제20조(증거조사) 법원은 직권으로 또는 당사자의 신청에 따라 증거조사를 할 수 있다.  

민사소송법 제224조(항소심의 판결) 항소법원은 항소가 이유 있다고 인정할 때에는 원심판결을 취소하고 스스로 재판하여야 한다.  

형사소송법 제256조(증거조사) 검사, 피고인 또는 변호인은 증거조사를 신청할 수 있으며, 법원은 필요하다고 인정할 때에는 직권으로 증거조사를 할 수 있다.  

상법 제521조(해산의 효과) 회사가 해산한 때에는 청산인이 회사의 재산을 정리하고 채권자에 대한 변제를 한다.  

근로기준법 제58조(연장근로) 사용자는 근로시간 연장 없이 근로자의 동의를 얻어 1주일에 12시간을 한도로 연장근로하게 할 수 있다.  

민법 제580조(매매의 의의) 매매는 당사자 일방이 재산권을 상대방에게 이전할 것을 약정하고 상대방이 그 대금을 지급할 것을 약정함으로써 그 효력이 생긴다.  

형법 제135조(도주운전) 사고발생 시 구호조치를 하지 아니하고 도주한 운전자는 5년 이하의 징역 또는 2천만원 이하의 벌금에 처한다.  

행정절차법 제20조(행정계획) 행정계획을 수립·변경 또는 폐지할 때에는 이해관계인의 의견을 듣고 관계 기관과의 협의를 거쳐야 한다.  

민사소송법 제217조(항소심의 심리범위) 항소심의 심리는 항소이유로 주장한 사항에 한정하지 아니하고 직권으로 조사·판단할 수 있다.  

형사소송법 제304조(변호인 선임) 변호인은 피고인 또는 피의자의 법정대리인, 배우자, 직계친족, 형제자매의 청구에 의하여 변호인 선임권을 가진다.  

상법 제153조(설립등기가 없는 회사의 책임) 설립등기를 하지 아니한 회사는 회사를 상대로 등기하지 않았음을 이유로 손해배상을 청구할 수 있다.  

근로기준법 제35조(연차유급휴가) ① 사용자는 1년간 80퍼센트 이상 출근한 근로자에게 15일의 유급휴가를 주어야 한다. ② 사용자는 계속하여 근로한 기간이 1년 미만인 근로자 또는 1년간 80퍼센트 미만 출근한 근로자에게는 1개월 개근 시 1일의 유급휴가를 주어야 한다.  

민법 제599조(소비대차의 효력) 차주가 약정에 따라 목적물을 반환하지 아니한 때에는 대주 또는 그 승계인은 이행의 청구를 할 수 있다.  

형법 제244조(추행) 추행한 자는 10년 이하의 징역 또는 1천500만원 이하의 벌금에 처한다.  

행정절차법 제24조(행정처분) 행정처분이 당사자의 권익에 중대한 영향을 미치는 경우에는 청문절차를 거쳐야 한다.  

민사소송법 제131조(소송계속 중의 화해) 법원은 소송계속 중 당사자의 신청에 의하여 화해를 권고할 수 있다.  

형사소송법 제248조(증거보전) 검사, 피고인 또는 변호인은 제1회 공판기일 전에 증거보전을 청구할 수 있다.  

상법 제517조(합병) 주식회사는 주주총회의 특별결의에 의하여 합병할 수 있다.  

근로기준법 제1조(목적) 이 법은 헌법의 정신에 따라 근로조건의 기준을 정하여 근로자의 기본적 생활을 보장, 향상시키며 균형 있는 국민경제의 발전을 목적으로 한다.  

민법 제534조(이행의 제공) 채무자는 채무의 내용에 좇은 이행을 제공하여야 하며, 채권자는 이행의 제공이 있지 아니하면 이행을 거절할 수 있다.  

형법 제178조(업무방해) 타인의 업무를 방해한 자는 5년 이하의 징역 또는 1천500만원 이하의 벌금에 처한다.  

행정절차법 제18조(행정예고) 행정예고는 관보·공보·인터넷 또는 일간신문에 공고하여야 한다.  

민사소송법 제194조(소송물 변경의 허용) 법원은 원고의 동의 없이 소의 변경을 허가하지 못한다.  

형사소송법 제296조(변호인의 접견교통권) 변호인은 피고인을 접견하고 서류 또는 물건을 수수할 수 있으며, 피고인의 변호인과의 접견은 비공개로 진행된다.  

상법 제387조(이사의 보수) 이사의 보수는 정관에 규정이 없는 때에는 주주총회의 결의에 의하여 정한다.  

근로기준법 제23조(휴게) ① 사용자는 근로시간이 4시간인 경우에는 30분 이상, 8시간인 경우에는 1시간 이상의 휴게시간을 근로시간 도중에 주어야 한다. ② 휴게시간은 근로자가 자유의사로 이용할 수 있다.  

민법 제566조(전세권의 존속기간) 전세권의 존속기간은 10년을 넘을 수 없으며, 10년을 넘는 때에는 10년으로 단축한다.  

형법 제326조(절도) 타인의 재물을 절취한 자는 6년 이하의 징역 또는 1천만원 이하의 벌금에 처한다.  

행정소송법 제23조(처분청의 소송참가) 처분청은 법원에 소송참가를 신청할 수 있으며, 법원은 필요하다고 인정할 때에는 처분청을 소송에 참가시킬 수 있다.  

민사소송법 제124조(소송물 변경) 원고는 청구의 기초에 변경이 없는 한도에서 청구의 변경을 할 수 있다.  

형사소송법 제289조(변호인의 선임) 변호인은 피고인 또는 피의자의 법정대리인, 배우자, 직계친족, 형제자매의 청구에 의하여 선임된다.  

상법 제510조(해산결의) 주식회사의 해산은 주주총회의 특별결의에 의한다.  

근로기준법 제40조(연장근로) 사용자는 근로시간 연장 없이 근로자의 동의를 얻어 1주일에 12시간을 한도로 연장근로하게 할 수 있다.  

민법 제63조(법인의 불법행위의 성립) 법인은 이사 기타 대표자가 그 직무에 관하여 타인에게 손해를 가한 때에는 그 법인과 대표자 공동으로 배상할 책임이 있다.  

형법 제183조(공공물건 손상) 공공물건을 손괴 또는 은닉하거나 기타 방법으로 그 효용을 해한 자는 5년 이하의 징역 또는 1천500만원 이하의 벌금에 처한다.  

행정절차법 제19조(행정예고) 행정청은 규율의 제정 또는 개정 시 이해관계를 가진 자에게 예고하고 의견을 제출할 기회를 주어야 한다.  

민사소송법 제212조(항소심의 판결) 항소법원은 항소가 이유 있다고 인정할 때에는 원심판결을 취소하고 사건의 심리를 계속하거나 다른 법원에 이송할 수 있다.  

형사소송법 제313조(공판조서의 증거능력) 공판조서는 진정한 것으로 인정된 때에는 증거로 할 수 있다.  

상법 제404조(이사의 책임) 이사는 고의 또는 중대한 과실로 법령 또는 정관에 위반한 행위를 하거나 그 임무를 해태한 때에는 회사에 대하여 연대하여 손해를 배상할 책임이 있다.  

근로기준법 제18조(근로시간의 기준) 1일 근로시간은 휴식시간을 제외하고 8시간을 초과할 수 없으며, 1주일 근로시간은 40시간을 초과할 수 없다.  

민법 제358조(전세권자의 권리) 전세권자는 전세금을 지급하고 타인의 부동산을 점유하여 그 부동산의 용도에 따라 사용·수익할 권리가 있다.  

형법 제341조(강도상해·치사) 강도가 사람을 상해 또는 사망에 이르게 한 때에는 무기 또는 5년 이상의 징역에 처한다.  

행정절차법 제34조(의견제출) 행정청은 처분 시 당사자의 의견을 존중하여야 하며, 의견을 반영하지 아니하는 때에는 그 이유를 명시하여야 한다.  

민사소송법 제119조(소송물의 변경) 원고는 청구의 기초에 변경이 없는 한도에서 청구의 변경을 할 수 있다.  

형사소송법 제243조(증거조사) 증거조사는 서류·물건, 증인·감정인·통역인 등의 신문, 검증·감정 등의 방식으로 한다.  

상법 제501조(합병계약의 승인) 주식회사의 합병계약은 주주총회의 특별결의에 의하여 승인된다.  

근로기준법 제7조(강제근로 금지) 사용자는 폭행, 협박, 감금, 그 밖에 정신상 또는 신체상의 자유를 부당하게 구속하는 수단으로써 근로자의 자유의사에 반하는 근로를 강요하지 못한다.  

민법 제399조(손해배상의 범위) 채무자는 통상의 손해를 배상하여야 한다. 특별한 사정으로 인한 손해는 채무자가 그 사정을 알았거나 알 수 있었을 때에 한하여 배상할 책임이 있다.  

형법 제314조(공갈) 사람을 협박하여 재물의 교부를 받거나 재산상의 이익을 취득한 자는 10년 이하의 징역에 처한다.  

행정소송법 제26조(원고적격) 취소소송의 원고는 처분등의 취소를 구할 법률상의 이익이 있는 자에 한한다.  

민사소송법 제156조(소송대리인의 권한) 소송대리인은 위임을 받은 사건에 대하여 반소, 상소, 화해, 청구의 포기·인낙, 소송탈퇴 기타 소송행위를 할 수 있다.  

형사소송법 제309조(자기에게 유리한 증거 제출) 피고인은 자기에게 유리한 증거를 제출할 권리가 있다.  

상법 제164조(정관의 기재사항) 주식회사의 정관에 기재하여야 할 사항은 다음과 같다. 1. 목적 2. 상호 3. 회사가 발행할 주식의 총수 4. 1주의 금액 5. 본점의 소재지 6. 회사의 공고방법  

근로기준법 제12조(강제근로 금지) 사용자는 폭행, 협박, 감금, 그 밖에 정신상 또는 신체상의 자유를 부당하게 구속하는 수단으로써 근로자의 자유의사에 반하는 근로를 강요하지 못한다.  

민법 제550조(임대차계약의 존속기간) 임대차계약의 기간은 20년을 넘지 못한다. 설정 시 20년을 넘는 때에는 20년으로 단축한다.  

형법 제252조(준강간, 준강제추행) 사람의 심신상실 또는 항거불능의 상태를 이용하여 간음 또는 추행한 자는 강간 또는 강제추행의 예에 따라 처벌한다.  

행정절차법 제15조(처분의 사전통지) 행정청은 처분을 하려면 당사자에게 사전통지서를 송달하여 의견제출의 기회를 주어야 한다.  

민사소송법 제207조(항소심의 변론) 항소심의 변론은 당사자의 주장에 기초하여 사건을 심리한다.  

형사소송법 제295조(변호인의 조력) 피고인은 변호인으로부터 조력을 받을 권리를 가진다.  

상법 제411조(이사의 의무) 이사는 회사에 대하여 선량한 관리자의 주의로써 그 직무를 수행할 의무를 진다.  

근로기준법 제13조(강제근로 금지) 사용자는 폭행, 협박, 감금, 그 밖에 정신상 또는 신체상의 자유를 부당하게 구속하는 수단으로써 근로자의 자유의사에 반하는 근로를 강요하지 못한다.  

민법 제1조(법원) 민사에 관하여 법률에 규정이 없으면 관습법에 의하고 관습법이 없으면 조리에 의한다.  

형법 제142조(주거·신체 수색) 타인의 주거나 신체 또는 점유하는 방실을 수색한 자는 3년 이하의 징역 또는 500만원 이하의 벌금에 처한다.  

행정절차법 제29조(행정예고 기간) 행정예고 기간은 특별한 사정이 없는 한 20일 이상으로 한다.  

민사소송법 제170조(소송대리인의 권한) 소송대리인은 위임을 받은 사건에 대하여 반소, 상소, 화해, 청구의 포기·인낙, 소송탈퇴 기타 소송행위를 할 수 있다.  

형사소송법 제285조(변호인 선임) 변호인의 선임은 서면으로 하여야 한다. 다만, 공판기일 또는 공판준비기일에서는 구술로 할 수 있다.  

상법 제160조(정관의 작성) 주식회사의 발기인은 정관을 작성하여 다음의 사항을 기재하고 기명날인 또는 서명하여야 한다. 1. 목적 2. 상호 3. 회사가 발행할 주식의 총수 4. 1주의 금액 5. 본점의 소재지 6. 회사의 공고방법  

근로기준법 제17조(근로시간의 기준) 1일 근로시간은 휴식시간을 제외하고 8시간을 초과할 수 없으며, 1주일 근로시간은 40시간을 초과할 수 없다.  

민법 제59조(청산인) 법인이 해산한 때에는 청산인이 법인의 재산을 정리하고 채권자에 대한 변제를 한다.  

형법 제255조(준강제추행) 사람의 심신상실 또는 항거불능의 상태를 이용하여 추행한 자는 강제추행의 예에 따라 처벌한다.  

행정절차법 제6조(법령 위반 금지) 행정청은 법령 위반을 이유로 행정작용을 하여서는 아니 된다.  

민사소송법 제197조(소송물 변경의 허용) 법원은 원고의 동의 없이 소의 변경을 허가하지 못한다.  

형사소송법 제314조(공판조서의 증거능력) 공판조서는 진정한 것으로 인정된 때에는 증거로 할 수 있다.  

상법 제507조(합병계약의 공시) 합병계약은 합병등기를 함으로써 제3자에 대하여 효력이 생긴다.  

근로기준법 제6조(강제근로 금지) 사용자는 폭행, 협박, 감금, 그 밖에 정신상 또는 신체상의 자유를 부당하게 구속하는 수단으로써 근로자의 자유의사에 반하는 근로를 강요하지 못한다.  

민법 제8조(권리능력의 존속기간) 사람은 생존한 동안 권리와 의무의 주체가 된다.  

형법 제140조(주거침입) 사람의 주거, 관리하는 건조물, 선박 또는 항공기에 침입한 자는 3년 이하의 징역 또는 500만원 이하의 벌금에 처한다.  

행정절차법 제14조(처분의 이유제시) 행정청은 처분을 할 때 이유를 제시하여야 한다.  

민사소송법 제215조(항소심의 판결) 항소법원은 항소가 이유 있다고 인정할 때에는 원심판결을 취소하고 사건의 심리를 계속하거나 다른 법원에 이송할 수 있다.  

형사소송법 제293조(변호인의 접견교통권) 변호인은 피고인을 접견하고 서류 또는 물건을 수수할 수 있으며, 피고인의 변호인과의 접견은 비공개로 진행된다.  

상법 제155조(발기인의 책임) 발기인은 회사의 불성립 또는 설립에 관한 부실한 행위로 인하여 손해를 입은 자에 대하여 연대책임을 진다.  

근로기준법 제29조(휴게) ① 사용자는 근로시간이 4시간인 경우에는 30분 이상, 8시간인 경우에는 1시간 이상의 휴게시간을 근로시간 도중에 주어야 한다. ② 휴게시간은 근로자가 자유의사로 이용할 수 있다.  

민법 제567조(전세권의 소멸청구) 전세권자가 전세권설정계약 또는 그 목적물의 성질에 의하여 정해진 용법으로 이를 사용·수익하지 아니한 때에는 설정자는 전세권의 소멸을 청구할 수 있다.  

형법 제349조(절도) 타인의 재물을 절취한 자는 6년 이하의 징역 또는 1천만원 이하의 벌금에 처한다.  

행정절차법 제4조(권한의 남용 금지) 행정청은 그 권한의 범위를 넘어 행정작용을 하여서는 아니 된다.  

민사소송법 제184조(소송대리인의 선임) 소송대리인의 선임은 서면으로 하여야 한다. 다만, 변론기일 또는 변론준비기일에서는 구술로 할 수 있다.  

형사소송법 제301조(변호인의 선임) 변호인의 선임은 피고인 또는 피의자의 법정대리인, 배우자, 직계친족, 형제자매의 청구에 의하여 이루어진다.  

상법 제513조(해산결의) 주식회사의 해산은 주주총회의 특별결의에 의한다.  

근로기준법 제48조(휴업수당) 사용자의 사정 또는 천재·사변 기타 부득이한 사유로 휴업하는 경우에 사용자는 휴업기간 중 근로자에게 평균임금의 100분의 70 이상의 수당을 지급하여야 한다.  

민법 제360조(전세권자의 권리) 전세권자는 전세금을 지급하고 타인의 부동산을 점유하여 그 부동산의 용도에 따라 사용·수익할 권리가 있다.  

형법 제254조(추행) 추행한 자는 10년 이하의 징역 또는 1천500만원 이하의 벌금에 처한다.  

행정절차법 제3조(적용범위) 이 법은 행정청과 당사자 간의 행정처분, 행정입법, 행정계획, 신고, 확인, 행정심판 기타 행정작용에 적용한다.  

민사소송법 제142조(소송물의 변경) 원고는 청구의 기초에 변경이 없는 한도에서 청구의 변경을 할 수 있다.  

형사소송법 제290조(변호인의 선임) 변호인은 피고인 또는 피의자의 법정대리인, 배우자, 직계친족, 형제자매의 청구에 의하여 선임된다.  

상법 제524조(주식회사의 해산) 주식회사는 다음 각 호의 사유가 있을 때 해산한다. 1. 존립기간의 만료 2. 합병 3. 파산 4. 법원의 해산명령 5. 주주총회의 해산결의  

근로기준법 제31조(휴게) ① 사용자는 근로시간이 4시간인 경우에는 30분 이상, 8시간인 경우에는 1시간 이상의 휴게시간을 근로시간 도중에 주어야 한다. ② 휴게시간은 근로자가 자유의사로 이용할 수 있다.  

민법 제368조(전세권의 존속기간) 전세권의 존속기간은 10년을 넘을 수 없으며, 10년을 넘는 때에는 10년으로 단축한다.  

형법 제311조(명예훼손) 공연히 사실을 적시하여 사람의 명예를 훼손한 자는 3년 이하의 징역 또는 300만원 이하의 벌금에 처한다.  

행정절차법 제17조(행정예고) 행정예고는 관보·공보·인터넷 또는 일간신문에 공고하여야 한다.  

민사소송법 제220조(항소심의 심리) 항소법원은 항소장, 답변서, 기타 소송자료를 기초로 사건을 심리한다.  

형사소송법 제280조(상소권 회복) 상소권을 회복하려는 자는 그 사유가 종료한 날로부터 7일 이내에 상소권회복신청서를 원심법원에 제출하여야 한다.  

상법 제410조(이사의 의무) 이사는 회사에 대하여 선량한 관리자의 주의로써 그 직무를 수행할 의무를 진다.  

근로기준법 제64조(퇴직금) ① 사용자는 계속근로연수 1년에 대하여 30일분 이상의 평균임금을 퇴직금으로 지급하여야 한다. ② 제1항의 규정에 따른 퇴직금은 근로자가 퇴직한 날로부터 14일 이내에 지급하여야 한다.  

민법 제554조(매매의 효력) 매도인은 재산권을 매수인에게 이전할 의무를 지며, 매수인은 대금을 지급할 의무를 진다.  

형법 제317조(모욕) 공연히 사람을 모욕한 자는 1년 이하의 징역, 200만원 이하의 벌금, 구류 또는 과료에 처한다.  

행정절차법 제10조(처분의 이유제시) 행정청은 처분을 할 때 이유를 제시하여야 한다.  

민사소송법 제165조(소송대리인의 권한) 소송대리인은 위임을 받은 사건에 대하여 반소, 상소, 화해, 청구의 포기·인낙, 소송탈퇴 기타 소송행위를 할 수 있다.  

형사소송법 제278조(상소제기 기간) 상소는 판결이 선고된 날로부터 7일 이내에 제기하여야 한다.  

상법 제158조(정관 변경) 주식회사의 정관 변경은 주주총회의 특별결의에 의한다.  

근로기준법 제16조(근로시간의 기준) 1일 근로시간은 휴식시간을 제외하고 8시간을 초과할 수 없으며, 1주일 근로시간은 40시간을 초과할 수 없다.  

민법 제370조(전세권의 효력) 전세권자는 전세금을 지급하고 타인의 부동산을 점유하여 그 부동산의 용도에 따라 사용·수익할 권리가 있다.  

형법 제214조(교통방해) 철도, 도로, 수상 또는 항공의 교통을 방해한 자는 10년 이하의 징역 또는 1천500만원 이하의 벌금에 처한다.  

행정절차법 제22조(청문) 행정처분이 당사자의 권익에 중대한 영향을 미치는 경우에는 청문절차를 거쳐야 한다.  

민사소송법 제177조(소송대리인의 권한) 소송대리인은 위임을 받은 사건에 대하여 반소, 상소, 화해, 청구의 포기·인낙, 소송탈퇴 기타 소송행위를 할 수 있다.  

형사소송법 제242조(증거조사) 증거조사는 서류·물건, 증인·감정인·통역인 등의 신문, 검증·감정 등의 방식으로 한다.  

상법 제519조(합병계약) 주식회사의 합병계약은 주주총회의 특별결의에 의하여 승인된다.  

근로기준법 제20조(근로시간의 기준) 1일 근로시간은 휴식시간을 제외하고 8시간을 초과할 수 없으며, 1주일 근로시간은 40시간을 초과할 수 없다.  

민법 제107조(착오로 인한 의사표시) 착오로 인한 의사표시는 법률행위의 중요한 내용에 착오가 있는 경우에 한하여 취소할 수 있다.  

형법 제243조(강제추행) 폭행 또는 협박으로 사람에 대하여 추행한 자는 10년 이하의 징역 또는 1천500만원 이하의 벌금에 처한다.  

행정절차법 제12조(처분의 사전통지) 행정청은 처분을 하려면 당사자에게 사전통지서를 송달하여 의견제출의 기회를 주어야 한다.  

민사소송법 제211조(항소심의 판결) 항소법원은 항소가 이유 있다고 인정할 때에는 원심판결을 취소하고 스스로 재판하여야 한다.  

형사소송법 제292조(변호인의 선임) 변호인의 선임은 피고인 또는 피의자의 법정대리인, 배우자, 직계친족, 형제자매의 청구에 의하여 이루어진다.  

상법 제525조(합병계약의 공시) 합병계약은 합병등기를 함으로써 제3자에 대하여 효력이 생긴다.  

근로기준법 제1조(목적) 이 법은 헌법의 정신에 따라 근로조건의 기준을 정하여 근로자의 기본적 생활을 보장, 향상시키며 균형 있는 국민경제의 발전을 목적으로 한다.  

민법 제9조(권리능력의 평등) 모든 사람은 법 앞에 평등하다.  

형법 제132조(교통방해) 철도, 도로, 수상 또는 항공의 교통을 방해한 자는 3년 이하의 징역 또는 700만원 이하의 벌금에 처한다.  

행정절차법 제27조(행정예고 기간) 행정예고 기간은 특별한 사정이 없는 한 20일 이상으로 한다.  

민사소송법 제116조(소송물 변경) 원고는 청구의 기초에 변경이 없는 한도에서 청구의 변경을 할 수 있다.  

형사소송법 제287조(변호인 선임) 변호인의 선임은 피고인 또는 피의자의 법정대리인, 배우자, 직계친족, 형제자매의 청구에 의하여 이루어진다.  

상법 제504조(합병계약의 승인) 주식회사의 합병계약은 주주총회의 특별결의에 의하여 승인된다.  

근로기준법 제59조(연장근로) 사용자는 근로시간 연장 없이 근로자의 동의를 얻어 1주일에 12시간을 한도로 연장근로하게 할 수 있다.  

민법 제556조(임대차의 존속기간) 임대차계약의 기간은 20년을 넘지 못한다. 설정 시 20년을 넘는 때에는 20년으로 단축한다.  

형법 제256조(준강제추행) 사람의 심신상실 또는 항거불능의 상태를 이용하여 추행한 자는 강제추행의 예에 따라 처벌한다.  

행정절차법 제26조(의견제출) 행정청은 처분 시 당사자의 의견을 존중하여야 하며, 의견을 반영하지 아니하는 때에는 그 이유를 명시하여야 한다.  

민사소송법 제149조(소송물 변경) 원고는 청구의 기초에 변경이 없는 한도에서 청구의 변경을 할 수 있다.  

형사소송법 제245조(증거조사) 증거조사는 서류·물건, 증인·감정인·통역인 등의 신문, 검증·감정 등의 방식으로 한다.  

상법 제170조(강제의 해소) 주식회사는 주주 전원의 동의로 해산할 수 있다.  

근로기준법 제25조(근로계약의 기간) 근로계약은 기간을 정하지 아니하거나 1년을 초과하지 않는 기간으로 체결하여야 한다.  

민법 제110조(대리의 효력) 대리인의 의사표시는 본인 자신에게 효력이 생긴다.  

형법 제139조(교통방해치상) 교통방해로 인하여 사람을 상해에 이르게 한 자는 1년 이상 10년 이하의 징역에 처한다.  

행정절차법 제35조(처분의 심사기준) 행정청은 처분 시 다음 각 호의 사항을 고려하여야 한다. 1. 법령의 준수 2. 타당한 이유 및 절차 3. 사실관계의 정확성 4. 이해관계인의 권리보호  

민사소송법 제229조(항소장) 항소장에는 다음 각 호의 사항을 기재하고 항소인이 서명 또는 날인하여야 한다. 1. 당사자와 법정대리인 2. 제1심 판결의 표시 3. 항소의 취지와 그 이유  

형사소송법 제319조(불이익변경 금지) 상소의 제기인은 원심판결보다 불이익한 판결을 받지 아니한다.  

상법 제522조(합병계약의 공시) 합병계약은 합병등기를 함으로써 제3자에 대하여 효력이 생긴다.  

근로기준법 제26조(근로계약의 기간) 근로계약은 기간을 정하지 아니하거나 1년을 초과하지 않는 기간으로 체결하여야 한다.  

민법 제376조(전세권자의 권리) 전세권자는 전세금을 지급하고 타인의 부동산을 점유하여 그 부동산의 용도에 따라 사용·수익할 권리가 있다.  

형법 제312조(위증) 법원에 대하여 허위의 진술을 한 증인은 5년 이하의 징역 또는 1천만원 이하의 벌금에 처한다.  

행정절차법 제11조(처분의 고시) 행정처분은 관보·공보·일간신문 등에 고시하여야 한다.  

민사소송법 제153조(소송대리인의 권한) 소송대리인은 위임을 받은 사건에 대하여 반소, 상소, 화해, 청구의 포기·인낙, 소송탈퇴 기타 소송행위를 할 수 있다.  

형사소송법 제276조(상소권 회복) 상소권을 회복하려는 자는 그 사유가 종료한 날로부터 7일 이내에 상소권회복신청서를 원심법원에 제출하여야 한다.  

상법 제508조(합병계약의 공시) 합병계약은 합병등기를 함으로써 제3자에 대하여 효력이 생긴다.  

근로기준법 제21조(근로시간의 기준) 1일 근로시간은 휴식시간을 제외하고 8시간을 초과할 수 없으며, 1주일 근로시간은 40시간을 초과할 수 없다.  

민법 제379조(전세권의 존속기간) 전세권의 존속기간은 10년을 넘을 수 없으며, 10년을 넘는 때에는 10년으로 단축한다.  

형법 제261조(상해치사) 사람의 신체를 상해하여 사망에 이르게 한 자는 3년 이상의 유기징역에 처한다.  

행정절차법 제8조(처분의 심사기준) 행정청은 처분 시 다음 각 호의 사항을 고려하여야 한다. 1. 법령의 준수 2. 타당한 이유 및 절차 3. 사실관계의 정확성 4. 이해관계인의 권리보호  

민사소송법 제162조(소송대리인의 권한) 소송대리인은 위임을 받은 사건에 대하여 반소, 상소, 화해, 청구의 포기·인낙, 소송탈퇴 기타 소송행위를 할 수 있다.  

형사소송법 제291조(변호인의 선임) 변호인의 선임은 피고인 또는 피의자의 법정대리인, 배우자, 직계친족, 형제자매의 청구에 의하여 이루어진다.  

상법 제516조(합병계약의 공시) 합병계약은 합병등기를 함으로써 제3자에 대하여 효력이 생긴다.  

근로기준법 제37조(휴게) ① 사용자는 근로시간이 4시간인 경우에는 30분 이상, 8시간인 경우에는 1시간 이상의 휴게시간을 근로시간 도중에 주어야 한다. ② 휴게시간은 근로자가 자유의사로 이용할 수 있다.  

민법 제578조(전세권의 소멸) 전세권자가 전세권설정계약 또는 그 목적물의 성질에 의하여 정해진 용법으로 이를 사용·수익하지 아니한 때에는 설정자는 전세권의 소멸을 청구할 수 있다.  

형법 제315조(공포심에 의한 공갈) 사람을 공포심에 몰아넣어 재물의 교부를 받거나 재산상의 이익을 취득한 자는 10년 이하의 징역에 처한다.  

행정절차법 제25조(행정처분의 사전통지) 행정처분은 당사자에게 사전통지서를 송달하여 의견제출의 기회를 주어야 한다.  

민사소송법 제230조(항소심의 판결) 항소법원은 항소가 이유 있다고 인정할 때에는 원심판결을 취소하고 스스로 재판하여야 한다.  

형사소송법 제321조(판결) 판결은 피고인과 검사의 최종변론 후 선고한다.  

상법 제173조(합병) 주식회사는 주주총회의 특별결의에 의하여 합병할 수 있다.  

근로기준법 제53조(연장근로) 사용자는 근로시간 연장 없이 근로자의 동의를 얻어 1주일에 12시간을 한도로 연장근로하게 할 수 있다.  

민법 제380조(전세권의 존속기간) 전세권의 존속기간은 10년을 넘을 수 없으며, 10년을 넘는 때에는 10년으로 단축한다.  

형법 제87조(반란) 국가를 변란할 목적으로 폭동을 주도한 자는 사형, 무기징역 또는 무기금고에 처한다.  

행정절차법 제1조(목적) 이 법은 행정절차와 이에 관련된 사항을 규정함으로써 행정의 공정성·투명성 및 신뢰성을 확보하고 국민의 권리를 보호함을 목적으로 한다.  

민사소송법 제234조(항소장) 항소장에는 다음 각 호의 사항을 기재하고 항소인이 서명 또는 날인하여야 한다. 1. 당사자와 법정대리인 2. 제1심 판결의 표시 3. 항소의 취지와 그 이유  

형사소송법 제240조(증거조사) 증거조사는 서류·물건, 증인·감정인·통역인 등의 신문, 검증·감정 등의 방식으로 한다.  

상법 제174조(합병계약) 주식회사의 합병계약은 주주총회의 특별결의에 의하여 승인된다.  

근로기준법 제57조(연장근로) 사용자는 근로시간 연장 없이 근로자의 동의를 얻어 1주일에 12시간을 한도로 연장근로하게 할 수 있다.  

민법 제383조(전세권의 소멸청구) 전세권자가 전세권설정계약 또는 그 목적물의 성질에 의하여 정해진 용법으로 이를 사용·수익하지 아니한 때에는 설정자는 전세권의 소멸을 청구할 수 있다.  

형법 제37조(공동정범) 공동으로 죄를 실행한 자는 공동정범으로 처벌한다.  

행정절차법 제36조(의견제출) 행정청은 처분 시 당사자의 의견을 존중하여야 하며, 의견을 반영하지 아니하는 때에는 그 이유를 명시하여야 한다.  

민사소송법 제134조(소송물 변경) 원고는 청구의 기초에 변경이 없는 한도에서 청구의 변경을 할 수 있다.  

형사소송법 제238조(증거보전) 검사, 피고인 또는 변호인은 제1회 공판기일 전에 증거보전을 청구할 수 있다.  

상법 제499조(합병계약의 승인) 주식회사의 합병계약은 주주총회의 특별결의에 의하여 승인된다.  

근로기준법 제39조(휴게) ① 사용자는 근로시간이 4시간인 경우에는 30분 이상, 8시간인 경우에는 1시간 이상의 휴게시간을 근로시간 도중에 주어야 한다. ② 휴게시간은 근로자가 자유의사로 이용할 수 있다.  

민법 제386조(전세권의 소멸) 전세권자는 전세금을 지급하고 타인의 부동산을 점유하여 그 부동산의 용도에 따라 사용·수익할 권리가 있다.  

형법 제32조(정당행위) 법령에 의한 행위 또는 업무로 인한 행위 기타 사회상규에 위배되지 아니하는 행위는 벌하지 아니한다.  

행정절차법 제2조(정의) 이 법에서 ""행정청""이라 함은 국가 또는 지방자치단체의 기관 기타 법령 또는 자치법규에 의하여 행정권한을 가지고 있거나 행정권한을 위임 또는 위탁받은 공공단체 또는 그 기관 또는 사인을 말한다.  

민사소송법 제161조(소송대리인의 권한) 소송대리인은 위임을 받은 사건에 대하여 반소, 상소, 화해, 청구의 포기·인낙, 소송탈퇴 기타 소송행위를 할 수 있다.  

형사소송법 제284조(변호인 선임) 변호인의 선임은 피고인 또는 피의자의 법정대리인, 배우자, 직계친족, 형제자매의 청구에 의하여 이루어진다.  

상법 제502조(합병계약의 승인) 주식회사의 합병계약은 주주총회의 특별결의에 의하여 승인된다.  

근로기준법 제49조(휴업수당) 사용자의 사정 또는 천재·사변 기타 부득이한 사유로 휴업하는 경우에 사용자는 휴업기간 중 근로자에게 평균임금의 100분의 70 이상의 수당을 지급하여야 한다.  

민법 제389조(전세권의 소멸청구) 전세권자가 전세권설정계약 또는 그 목적물의 성질에 의하여 정해진 용법으로 이를 사용·수익하지 아니한 때에는 설정자는 전세권의 소멸을 청구할 수 있다.  

형법 제129조(공무집행방해) 직무를 집행하는 공무원에 대하여 폭행 또는 협박한 자는 5년 이하의 징역 또는 1천만원 이하의 벌금에 처한다.  

행정절차법 제13조(처분의 고시) 행정처분은 관보·공보·일간신문 등에 고시하여야 한다.  

민사소송법 제201조(항소심의 심리) 항소법원은 항소장, 답변서, 기타 소송자료를 기초로 사건을 심리한다.  

형사소송법 제274조(상소권 회복) 상소권을 회복하려는 자는 그 사유가 종료한 날로부터 7일"
21,"민법 제762조 (불법행위성)  
① 고의 또는 과실로 인한 위법행위로 타인에게 손해를 가한 자는 그 손해를 배상할 책임이 있다.  
② 손해배상의 범위에는 통상 발생할 수 있는 손해는 물론 특별히 발생한 손해 중 예견할 수 있었던 것도 포함된다.  

형법 제257조 (상해)  
① 사람의 신체를 상해한 자는 7년 이하의 징역 또는 1천만 원 이하의 벌금에 처한다.  
② 자기 또는 배우자의 직계존속에 대하여 제1항의 죄를 범한 때에는 10년 이하의 징역 또는 1천500만 원 이하의 벌금에 처한다.  
③ 전 2항의 미수범은 처벌한다.  

행정소송법 제19조 (피고적격)  
처분등을 한 행정청 또는 행정심판에 대한 재결이 있는 경우에는 재결청이 피고가 된다. 다만, 재결청이란 재결ㆍ심의ㆍ조정ㆍ심사청구 기타 불복의 신청을 최종 처리함에 그치는 행정청을 포함하지 아니한다."
22,"형법 제329조(강도)  
① 폭행 또는 협박으로 타인의 재물을 강취하거나 기타 재산상 이익을 취득하거나 제삼자로 하여금 이를 취득하게 한 자는 3년 이상의 유기징역에 처한다.  
② 제1항의 방법으로 제3자에게 재물의 교부를 받게 하거나 재산상 이익을 취득하게 한 때에도 제1항의 형과 같다.  

민법 제154조(기간의 초일)  
기간을 일, 주, 월 또는 연으로 정한 때에는 기간의 초일은 이에 산입하지 아니한다. 그러나 그 기간이 오전 영시로부터 시작하는 때에는 그러하지 아니하다.  

헌법 제37조(국민의 자유와 권리의 존중·제한)  
① 국민의 자유와 권리는 헌법에 열거되지 아니한 이유로 경시되지 아니한다.  
② 국민의 모든 자유와 권리는 국가안전보장·질서유지 또는 공공복리를 위하여 필요한 경우에 한하여 법률로써 제한할 수 있으며, 제한하는 경우에도 자유와 권리의 본질적인 내용을 침해할 수 없다.  

민사소송법 제248조(당사자의 불출석)  
① 원고가 소장부본을 송달받은 날부터 1개월 이내에 소환을 받고도 공시송달의 방법에 의하지 아니한 경우에 법원에 출석하지 아니하거나 최종변론기일 이후에 퇴정한 때에는 소를 취하한 것으로 본다.  
② 피고가 소장부본을 송달받은 날부터 1개월 이내에 소환을 받고도 공시송달의 방법에 의하지 아니한 경우에 법원에 출석하지 아니하거나 최종변론기일 이전에 퇴정한 때에는 청구의 인낙으로 본다. 다만, 피고가 준비서면에 이의신청을 기재한 경우나 변론기일에 진술할 기회를 부여받은 경우에는 그러하지 아니하다."
23,"형법 제33장 약취, 유인 및 인신매매의 죄  
제287조(미성년자의 약취, 유인)  
① 미성년자를 약취 또는 유인한 자는 10년 이하의 징역에 처한다.  
② 부모, 직계존속 또는 후견인은 1년 이상 10년 이하의 징역에 처한다.  
③ 영리의 목적 또는 추행, 간음, 결혼 또는 영리목적의 국외이송을 위하여 약취 또는 유인한 자는 2년 이상 10년 이하의 징역에 처한다.  
④ 부모, 직계존속 또는 후견인이 전항의 목적으로 약취 또는 유인한 때에는 3년 이상 15년 이하의 징역에 처한다.  

민법 제5편 상속  
제1000조(상속의 순위)  
① 상속은 다음 순위로 한다.  
1. 피상속인의 직계비속  
2. 피상속인의 직계존속  
3. 피상속인의 형제자매  
4. 피상속인의 4촌 이내의 방계혈족  

헌법 제2장 국민의 권리와 의무  
제13조(죄형법정주의, 소급입법의 금지, 이중처벌의 금지 등)  
① 모든 국민은 행위시의 법률에 의하여 범죄를 구성하지 아니하는 행위로 소추되지 아니하며, 동일한 범죄에 대하여 거듭 처벌받지 아니한다.  
② 모든 국민은 소급입법에 의하여 참정권의 제한 또는 재산권박탈을 당하지 아니한다.  
③ 모든 국민은 자기의 행위가 아닌 친족의 행위로 인하여 불이익한 처우를 받지 아니한다."
24,"민법 제2조(신의성실)  
① 권리의 행사와 의무의 이행은 신의에 좇아 성실히 하여야 한다.  
② 권리는 남용하지 못한다.  

형법 제250조(살인)  
① 사람을 살해한 자는 사형, 무기 또는 5년 이상의 징역에 처한다.  

행정법 제12조(행정상 손해배상)  
① 행정안전부장관은 직무행위로 인하여 타인에게 손해를 입힌 경우에 그 손해를 배상하여야 한다.  

헌법 제10조(인간의 존엄과 행복추구권)  
① 모든 국민은 인간으로서의 존엄과 가치를 가지며, 행복을 추구할 권리를 가진다.  
② 국가는 개인이 가지는 불가침의 기본적 인권을 확인하고 이를 보장할 의무를 진다."
25,"민법 제364조(전세권자의 유지·수선의무)  
① 전세권자는 목적물의 현상을 유지하고 그 통상의 관리에 속한 수선을 하여야 한다.  
② 전세권자가 목적물을 개량하기 위하여 지출한 금액 기타 유익비에 관하여는 제203조제2항의 규정을 준용한다.  

형법 제337조(강도)  
폭행 또는 협박으로 타인의 재물을 강취하거나 기타 재산상 이익을 취득하거나 제삼자로 하여금 이를 취득하게 한 자는 3년 이상의 유기징역에 처한다.  

민법 제654조(고용적 부동산임차인의 계약갱신청구권)  
건물 기타 공작물의 소유 또는 식목·채염 목적으로 한 토지임차인이 계약에 갱신을 청구할 수 있는 경우 그 기간은 갱신청구당시 잔여 계약기간 포함 20년을 넘을 수 없다.  

헌법 제12조  
① 모든 국민은 신체의 자유를 가진다. 누구든지 법률에 의하지 아니하고는 체포·구속·압수·수색 또는 심문을 받지 아니하며, 법률과 적법한 절차에 의하지 아니하고는 처벌·보안처분 또는 강제노역을 받지 아니한다.  
② 모든 국민은 고문을 받지 아니하며, 형사상 자기에게 불리한 진술을 강요당하지 아니한다.  
③ 체포·구속·압수 또는 수색을 할 때에는 적법한 절차에 따라 검사의 신청에 의하여 법관이 발부한 영장을 제시하여야 한다. 다만, 현행범인인 경우와 장기 3년 이상의 형에 해당하는 죄를 범하고 도피 또는 증거인멸의 염려가 있을 때에는 사후에 영장을 청구할 수 있다.  
④ 누구든지 체포 또는 구속을 당한 때에는 즉시 변호인의 조력을 받을 권리를 가진다. 다만, 형사피고인이 스스로 변호인을 구할 수 없을 때에는 법률이 정하는 바에 의하여 국가가 변호인을 붙인다.  
⑤ 누구든지 체포 또는 구속의 이유와 변호인의 조력을 받을 권리가 있음을 고지받지 아니하고는 체포 또는 구속을 당하지 아니한다. 체포 또는 구속을 당한 자의 가족등 법률이 정하는 자에게는 그 이유와 일시·장소가 지체없이 통지되어야 한다.  
⑥ 누구든지 체포 또는 구속을 당한 때에는 적부의 심사를 법원에 청구할 권리를 가진다.  
⑦ 피고인의 자백이 고문·폭행·협박·구속의 부당한 장기화 또는 기망 기타의 방법에 의하여 자의로 진술된 것이 아니라고 인정될 때 또는 정식재판에서 피고인의 자백이 그에게 불리한 유일한 증거일 때에는 이를 증거로 삼거나 이를 이유로 처벌할 수 없다.  

형법 제263조(동시범)  
독립행위가 경합하여 상해의 결과를 발생하게 한 경우에 있어 행위자가 누구인지 알 수 없을 때에는 각 공동정범으로 처벌한다.  

민법 제536조(이행지체와 제3자의 권리)  
제535조의 규정은 채무자가 이행지체로 인하여 채권자에게 손해배상을 하는 경우에도 제3자의 권리에 영향을 미치지 아니한다."
26,"민법 제5조 (미성년자의 법률행위)  
① 미성년자가 법률행위를 함에는 법정대리인의 동의를 얻어야 한다.  
② 권리만을 얻거나 의무만을 면하는 행위는 그러하지 아니하다.  

형법 제250조 (살인)  
① 사람을 살해한 자는 사형, 무기 또는 5년 이상의 징역에 처한다.  
② 자기 또는 배우자의 직계존속을 살해한 때에는 사형, 무기 또는 7년 이상의 징역에 처한다.  

형사소송법 제200조의3 (현행범인과 긴급체포)  
② 현행범인이 아닌 경우에도 범인으로 불리며 추적되고 있거나 장비 또는 신체의 특징적인 증거물이 있는 때에는 긴급체포할 수 있다. 다만, 영장 없이는 체포 후 48시간 이내에 지체없이 관할 지방법원 판사의 체포영장을 청구하여야 하며, 영장을 발부받지 못한 때에는 즉시 석방하여야 한다.  

지방자치법 제4조 (지방자치단체의 기관)  
① 지방자치단체에 의회를 둔다.  
② 지방의회는 조례의 제정·개정 또는 폐지, 예산의 심의·확정, 기타 법령으로 정하는 사항을 의결한다."
27,"민법 제3조(권리능력의 존속기간)  
① 사람은 생존한 동안 권리와 의무의 주체가 된다.  
민법 제4조(성년)  
① 사람은 19세로 성년에 이르게 된다.  
민법 제5조(미성년자의 법률행위)  
① 미성년자가 법률행위를 함에는 법정대리인의 동의를 얻어야 한다. 그러나 권리만을 얻거나 의무만을 면하는 행위는 그러하지 아니하다.  
민법 제6조(한정치산의 선고)  
① 심신박약자 또는 재산의 낭비로 인하여 자신 또는 가족의 생활을 궁박하게 할 염려가 있는 자에 대하여는 법원은 본인, 배우자, 4촌 이내의 친족, 검사 또는 지방자치단체의 장의 청구에 의하여 한정치산을 선고하여야 한다.  

형법 제250조(살인)  
① 사람을 살해한 자는 사형, 무기 또는 5년 이상의 징역에 처한다.  
형법 제257조(상해, 존속상해)  
① 사람의 신체를 상해한 자는 7년 이하의 징역, 10년 이하의 자격정지 또는 1천만 원 이하의 벌금에 처한다.  
형법 제258조(중상해, 존속중상해)  
① 사람의 신체를 상해하여 생명에 위험을 발생하게 한 자는 1년 이상 10년 이하의 징역에 처한다.  
형법 제259조(상해치사)  
① 사람의 신체를 상해하여 사망에 이르게 한 자는 3년 이상의 유기징역에 처한다.  

헌법 제10조  
① 모든 국민은 인간으로서의 존엄과 가치를 가지며, 행복을 추구할 권리를 가진다. 국가는 개인이 가지는 불가침의 기본적 인권을 확인하고 이를 보장할 의무를 진다.  
헌법 제11조  
① 모든 국민은 법 앞에 평등하다. 누구든지 성별·종교 또는 사회적 신분에 의하여 정치적·경제적·사회적·문화적 생활의 모든 영역에서 차별을 받지 아니한다.  
헌법 제12조  
① 모든 국민은 신체의 자유를 가진다. 누구든지 법률에 의하지 아니하고는 체포·구속·압수·수색 또는 심문을 받지 아니하며, 법률과 적법한 절차에 의하지 아니하고는 처벌·보안처분 또는 강제노역을 받지 아니한다.  
헌법 제13조  
① 모든 국민은 행위시의 법률에 의하여 범죄를 구성하지 아니하는 행위로 소추되지 아니하며, 동일한 범죄에 대하여 거듭 처벌받지 아니한다.  

행정소송법 제1조(목적)  
이 법은 행정소송절차를 통하여 행정청의 위법한 처분 그 밖에 공권력의 행사·불행사 등으로 인한 국민의 권리 또는 이익의 침해를 구제하고, 공법상의 권리관계 또는 법적 분쟁에 대하여 사법심사를 함을 목적으로 한다.  
행정소송법 제2조(정의)  
① 이 법에서 사용하는 용어의 정의는 다음과 같다.  
1. ""처분등""이라 함은 행정청이 행하는 구체적 사실에 관한 법집행으로서 공권력의 행사 또는 그밖에 이에 준하는 행정작용과 행정청의 행정심판에 대한 재결을 말한다.  
2. ""부작위""라 함은 행정청이 당사자의 신청에 대하여 상당한 기간 내에 일정한 처분을 하여야 할 법률상의 의무가 있음에도 불구하고 이를 하지 아니하는 것을 말한다."
28,"형법 제62조 (형의 면제)  
제1항 범죄후의 법령개정이나 폐지 또는 대통령령이 정하는 바에 의하여 형이 폐지되거나 감경된 때에는 그 형을 감하거나 면제한다.  
제2항 범인이 범죄의 정경(正情)이나 범행의 동기·수단·소추상황 등을 참작하여 형을 과할 필요가 없는 때에는 판결로써 형의 면제를 선고할 수 있다.  

민법 제92조 (청산종결의 등기와 항고)  
제1항 청산이 종결한 때에는 청산인은 제91조제1항의 규정에 의하여 3주일에 청산종결의 등기를 하여야 한다.  
제2항 청산종결의 등기전에 청산인의 권한과 의무에 관하여는 제406조의 규정을 준용한다.  
제3항 청산사무의 종결에 이의 있는 사원은 청산종결의 등기전에 한하여 법원에서 회사에 대하여 이의를 신청할 수 있다.  

헌법 제23조 (재산권)  
제1항 모든 국민의 재산권은 보장된다. 그 내용과 한계는 법률로 정한다.  
제2항 재산권의 행사는 공공복리에 적합하도록 하여야 한다.  
제3항 공공필요에 의한 재산권의 수용·사용 또는 제한 및 그 보상에 관한 사항은 법률로 정한다.  

행정법 제14조 (행정청의 권한의 위임 또는 위탁)  
제1항 행정청은 그 권한을 위임 또는 위탁받은 기관이 이를 행사할 때에는 그 기관이 직접 행하는 것으로 본다.  
제2항 권한의 위임 또는 위탁은 그 종류·범위를 정하여 행하여야 한다.  
제3항 권한의 위임 또는 위탁은 고시로 한다. 다만, 법률에 위임 또는 위탁의 근거가 있는 경우에 한한다."
29,"민법 제2조(신의성실) ① 권리의 행사와 의무의 이행은 신의에 좇아 성실히 하여야 한다.  
민법 제2조(신의성실) ② 권리는 남용하지 못한다.  
형법 제1조(죄의 성립과 처벌) ① 범죄의 성립과 처벌은 행위 시의 법률에 의한다.  
형법 제1조(죄의 성립과 처벌) ②범죄후 법률이 변경될 경우 그 범죄가 폐지되지 아니한 때에는 신법에 의한다. 단 행위가 구법에 의하여 처벌되지 아니한 때에는 그러하지 아니하다.  
행정소송법 제18조(피고경정) ① 원고는 피고를 잘못 지정한 때에는 법원의 허가를 받아 피고경정신청을 할 수 있다.  
행정소송법 제18조(피고경정) ②법원은 직권으로 피고를 경정할 수 있다.  
형법 제34조(간접정범) 어느 행위로 인하여 처벌되지 아니하는 자나 과실범으로 처벌되는 자를 교사 또는 방조하여 범죄행위의 결과를 발생하게 한 자는 교사 또는 방조의 예에 의하여 처벌한다.  
민법 제103조(반사회질서의 법률행위) 선량한 풍속 기타 사회질서에 위반한 사항을 내용으로 하는 법률행위는 무효로 한다.  
형법 제7조(단결강화죄) 외국인을 모령하여 국토를 참절하거나 국헌을 문란할 목적으로 단체를 구성하거나 이에 가입한 자는 3년 이상의 유기징역에 처한다.  
헌법 제10조(인간의 존엄과 행복추구권) 모든 국민은 인간으로서의 존엄과 가치를 가지며, 행복을 추구할 권리를 가진다. 국가는 개인이 가지는 불가침의 기본적 인권을 확인하고 이를 보장할 의무를 진다."
30,"민법 제3조(권리능력의 존속기간)  
① 사람은 생존한 동안 권리와 의무의 주체가 된다.  

민법 제110조(사기, 강박에 의한 의사표시)  
① 사기나 강박에 의한 의사표시는 취소할 수 있다.  
② 상대방있는 의사표시에 관하여 제3자가 사기나 강박을 행한 경우에는 상대방이 그 사실을 알았거나 알 수 있었을 경우에 한하여 그 의사표시를 취소할 수 있다.  
③ 전2항의 의사표시의 취소는 선의의 제3자에게 대항하지 못한다.  

형법 제329조(절도)  
타인의 재물을 절취한 자는 6년 이하의 징역 또는 1천만 원 이하의 벌금에 처한다.  

형사소송법 제244조(피의자신문)  
① 검사 또는 사법경찰관은 피의자를 신문하기 전에 다음 각 호의 사항을 알려 주어야 한다.  
1. 혐의의 요지  
2. 변호인을 선임할 수 있다는 것  
3. 진술을 거부할 수 있다는 것  

행정법 제12조(법규명령의 한계)  
행정기관은 법령에서 특별히 권한을 부여한 경우가 아니면 원칙적으로 법규명령을 발할 수 없다."
31,"민법 제5조(성년)  
① 사람은 19세로 성년에 이르게 된다.  
② 성년에 관한 다른 법률의 규정은 민법 제5조의 규정에 저촉되지 아니하는 범위에서 그 효력을 가진다.  

형법 제34조(간접정범)  
② 자기 또는 처님의 배우자를 교사한 자는 배우자 또는 직계존속에 대하여 동일한 죄를 범한 경우에도 전항의 규정을 적용하지 아니한다.  

민사소송법 제143조(소송대리인의 권한)  
① 소송대리인은 위임을 받은 사건에 대하여 반소(反訴)와 상소를 제외한 재판외의 준절차와 다음 각 호의 소송행위를 할 수 있다.  
1. 청구의 포기, 인낙, 화해  
2. 반소 또는 피고의 항소를 취하하는 행위  
3. 상소의 포기, 취하  

행정소송법 제19조(행정청의 소송참가)  
① 법원은 행정청의 처분이 당사자의 권리 또는 이익에 영향을 미칠 경우 직권으로 또는 당사자의 신청으로 행정청을 소송에 참가시킬 수 있다.  
② 참가행정청은 피참가인의 소송행위에 기속되지 아니하며 소송절차에서 자기의 주장을 제출할 수 있다.  

헌법 제33조(근로3권)  
① 근로자는 근로조건의 향상을 위하여 자주적인 단결권·단체교섭권 및 단체행동권을 가진다.  
② 공무원인 근로자는 법률이 정하는 자에 한하여 단결권·단체교섭권 및 단체행동권을 가진다.  
③ 법률이 정하는 주요방위산업체에 종사하는 근로자의 단체행동권은 법률이 정하는 바에 의하여 이를 제한하거나 인정하지 아니할 수 있다."
32,"민법 제3조(권리능력의 존속기간)  
① 사람은 생존한 동안 권리와 의무의 주체가 된다.  

민법 제103조(반사회질서의 법률행위)  
선량한 풍속 기타 사회질서에 위반한 사항을 내용으로 하는 법률행위는 무효로 한다.  

형법 제250조(살인, 존속살해)  
① 사람을 살해한 자는 사형, 무기 또는 5년 이상의 징역에 처한다.  
② 자기 또는 배우자의 직계존속을 살해한 자는 사형, 무기 또는 7년 이상의 징역에 처한다.  

헌법 제31조(교육을 받을 권리 등)  
① 모든 국민은 능력에 따라 균등하게 교육을 받을 권리를 가진다.  

행정소송법 제19조(소의 변경)  
① 법원은 민사소송법에 의한 소의 변경이 있는 경우에 그 변경된 소에 대하여 판결할 수 있다.  
② 제1항의 경우 피고를 변경할 때에는 법원의 허가를 받아야 한다."
33,"형법 제326조(친족간의 범죄)  
① 직계혈족, 배우자 또는 동거친족 간 제323조의 죄를 범한 때에는 피해자의 고소가 있어야 공소를 제기할 수 있다.  
② 전항의 경우에 피해자가 범인의 친족이거나 범인과 동거하지 아니하는 경우에도 피해자의 명시한 의사에 반하여 공소를 제기할 수 없다.  

민법 제249조(선의취득)  
평온, 공연하게 동산을 양수한 자가 선의이며 과실없이 그 동산을 점유한 경우에는 양도인이 정당한 소유자가 아닌 때에도 즉시 그 동산의 소유권을 취득한다.  

행정소송법 제12조(원고적격)  
당사자소송을 제기할 수 있는 자는 법률상 이익이 있는 자에 한한다.  

형사소송법 제244조(피고인의 진술거부권)  
피고인은 각개의 신문에 대하여 진술을 거부할 수 있다.  

민법 제750조(불법행위의 내용)  
고의 또는 과실로 인한 위법행위로 타인에게 손해를 가한 자는 그 손해를 배상할 책임이 있다.  

형법 제257조(상해, 존속상해)  
① 사람의 신체를 상해한 자는 7년 이하의 징역 또는 1천만원 이하의 벌금에 처한다.  
② 자기 또는 배우자의 직계존속에 대하여 전항의 죄를 범한 때에는 1년 이상 10년 이하의 징역에 처한다.  

민사소송법 제149조(소송대리인의 권한)  
① 소송대리인은 위임을 받은 사건에 대하여 재판외의 행위를 할 수 있다.  
② 재판상의 행위는 특별한 위임이 있어야 한다.  

형법 제347조(사기)  
① 사람을 기망하여 재물의 교부를 받거나 재산상의 이익을 취득한 자는 10년 이하의 징역 또는 2천만원 이하의 벌금에 처한다.  
② 전항의 방법으로 제3자로 하여금 재물의 교부를 받게 하거나 재산상의 이익을 취득하게 한 때에도 전항의 형과 같다.  

민법 제563조(계약의 성립)  
계약은 계약의 내용에 중요한 점에 관하여 합의가 있으면 성립하고, 청약과 승낙에 의한 이외에 관습 기타 풍속에 따르는 방식으로도 성립할 수 있다.  

형법 제276조(체포, 감금, 존속체포, 존속감금)  
① 사람을 체포 또는 감금한 자는 5년 이하의 징역 또는 700만원 이하의 벌금에 처한다.  
② 자기 또는 배우자의 직계존속에 대하여 전항의 죄를 범한 때에는 10년 이하의 징역에 처한다."
34,"형법 제31조(특수한 교사)  
④ 제1항의 교사자가 그 목적한 범죄의 실행에 착수하지 아니한 때에는 교사자에 대하여는 5년 이하의 징역 또는 1천만 원 이하의 벌금에 처한다.  
⑤ 교사자가 그 목적한 범죄의 실행을 중지하게 한 때에는 그 형을 감경 또는 면제한다.  

형법 제32조(방조)  
① 타인의 범죄를 방조한 자는 정범에 따라 처벌한다.  
② 방조자의 행위는 정범의 범죄행위에 필수적으로 기여하지 아니한 때에도 전항과 같다.  

형법 제33조(공범과 신분)  
③ 신분을 가진 자가 신분 없는 자를 교사로 하여금 범죄를 실행하게 한 때에는 교사자에 관하여는 본죄의 신분을 가진 것으로 간주한다.  

형법 제34조(미수범)  
① 범죄의 실행에 착수하여 행위를 종료하지 못한 자는 그 미수로 인하여 처벌한다.  
② 미수범의 형은 기수범보다 감경할 수 있다."
35,"민법 제5조 (미성년자의 법률행위)  
① 미성년자가 법률행위를 함에는 법정대리인의 동의를 얻어야 한다. 동의없이 한 법률행위는 취소할 수 있다.  
② 권리만을 얻거나 의무만을 면하는 행위는 그러하지 아니하다.  

형법 제329조 (절도)  
타인의 재물을 절취한 자는 6년 이하의 징역 또는 1천만원 이하의 벌금에 처한다.  

헌법 제21조 (언론·출판·집회·결사의 자유)  
① 모든 국민은 언론·출판의 자유와 집회·결사의 자유를 가진다.  
② 언론·출판에 대한 허가나 검열과 집회·결사에 대한 허가는 인정되지 아니한다.  

행정소송법 제19조 (피고적격)  
① 취소소송의 피고는 처분의 취소나 확인을 구할 처분을 한 행정청이 속한 국가나 공공단체이다.  
② 처분후에 그 처분에 관계되는 권한이 다른 행정청에 승계된 때에는 이를 승계한 행정청을 피고로 한다.  

민법 제390조 (채무불이행과 손해배상)  
채무자가 채무의 내용에 좇은 이행을 하지 아니한 때에는 채권자는 손해배상을 청구할 수 있다. 그러나 채무자에게 고의 또는 과실이 없는 때에는 그러하지 아니하다."
36,"민법 제5조 (미성년자의 법률행위)  
① 미성년자가 법률행위를 함에는 법정대리인의 동의를 얻어야 한다. 다만, 단순히 권리를 얻거나 의무를 면하는 행위는 그러하지 아니하다.  
② 전항의 규정에 위반한 행위는 취소할 수 있다.  

형법 제257조(상해, 존속상해)  
① 사람의 신체를 상해한 자는 7년 이하의 징역, 10년 이하의 자격정지 또는 1천만원 이하의 벌금에 처한다.  
② 자기 또는 배우자의 직계존속에 대하여 제1항의 죄를 범한 때에는 10년 이하의 징역 또는 1천500만원 이하의 벌금에 처한다.  
③ 전2항의 미수범은 처벌한다.  

행정소송법 제19조 (피고적격)  
① 취소소송의 피고는 당해 처분을 한 행정청 또는 심사청구를 심리·결정한 행정청으로 한다.  
② 행정청이란 행정기관을 말한다. 다만, 자치단체조합의 경우에는 그 조합에 가입한 자치단체를 경합적으로 피고로 할 수 있다.  

헌법 제37조 (권리의 제한 등)  
① 국민의 자유와 권리는 헌법에 열거되지 아니한 이유로 경시되지 아니한다.  
② 국민의 모든 자유와 권리는 국가안전보장·질서유지 또는 공공복리를 위하여 필요한 경우에 한하여 법률로써 제한할 수 있으며, 제한하는 경우에도 자유와 권리의 본질적인 내용을 침해할 수 없다."
37,"민법 제1조(법원) 민사에 관하여 법률에 규정이 없으면 관습법에 의하고 관습법이 없으면 조리에 의한다.  

민법 제2조(신의성실) ①권리의 행사와 의무의 이행은 신의에 좇아 성실히 하여야 한다.  
②권리는 남용하지 못한다.  

민법 제3조(권리능력의 존속기간) 사람은 생존한 동안 권리와 의무의 주체가 된다."
38,"민법 제5조 (미성년자의 법률행위)  
① 미성년자가 법률행위를 함에는 법정대리인의 동의를 얻어야 한다.  
② 권리만을 얻거나 의무만을 면하는 행위는 그러하지 아니하다.  

형법 제250조 (살인, 존속살해)  
① 사람을 살해한 자는 사형, 무기 또는 5년 이상의 징역에 처한다.  
② 자기 또는 배우자의 직계존속을 살해한 때에는 사형, 무기 또는 7년 이상의 징역에 처한다.  

행정소송법 제1조 (목적)  
이 법은 행정소송절차와 그 절차에서의 특별한 사정을 정함을 목적으로 한다.  

헌법 제34조 (사회권적 기본권)  
① 모든 국민은 인간다운 생활을 할 권리를 가진다.  
② 국가는 사회보장·사회복지의 증진에 노력할 의무를 진다.  

형법 제329조 (절도)  
타인의 재물을 절취한 자는 6년 이하의 징역 또는 1천만원 이하의 벌금에 처한다."
39,"민법 제2조(신의성실)  
① 권리의 행사와 의무의 이행은 신의에 좇아 성실히 하여야 한다.  
② 권리는 남용하지 못한다.  

형법 제250조(살인)  
① 사람을 살해한 자는 사형, 무기 또는 5년 이상의 징역에 처한다.  
② 자기 또는 배우자의 직계존속을 살해한 때에는 사형, 무기 또는 7년 이상의 징역에 처한다.  

행정소송법 제1조(목적)  
이 법은 행정소송절차를 통하여 행정청의 위법한 처분 그 밖에 공법행사나 불행사에 대한 분쟁을 적정하게 해결함을 목적으로 한다.  

주민등록법 제7조(주민등록표의 작성)  
① 시장·군수 또는 구청장은 주민등록사항을 기록하기 위하여 전자적 방식이 아닌 방법으로 주민등록표를 작성한다.  
② 주민등록표는 개인별 주민등록표와 세대별 주민등록표로 구분한다."
40,"형법 제314조(위조등 공사의 서명·날인등) ① 행사할 목적으로 공무원 또는 공공기관의 서명·날인·기호 또는 주민등록번호·지문에 관한 전자적 기록등 정보를 위조 또는 부정행사한 자는 5년 이하의 징역 또는 1천만원 이하의 벌금에 처한다.  
형법 제314조(위조등 공사의 서명·날인등) ② 공무원 또는 공공기관의 서명·날인·기호 또는 주민등록번호·지문에 관한 전자적 기록등 정보를 부정사용하게 할 목적으로 허위신고를 하거나 부정한 명령을 한 자는 3년 이하의 징역 또는 700만원 이하의 벌금에 처한다.  
민법 제106조(관습법) 법령 중의 선량한 풍속 기타 사회질서에 관계없는 규정과 다른 관습이 있는 경우에 당사자의 의사가 명확하지 아니한 때에는 그 관습에 의한다.  
민법 제106조(관습법) ② 권리능력의 존속기간에 관한 관습은 선량한 풍속 기타 사회질서에 관계없는 경우에 한하여 민법 제106조 제1항의 규정을 준용한다.  
형법 제360조(상습범) 상습으로 제355조 내지 제359조의 죄를 범한 자는 각조에 정한 형의 2분의 1까지 가중한다.  
형법 제360조(상습범) ② 상습으로 다음 각 호의 죄를 범한 자는 각호에 정한 형에 처한다.  
형법 제360조(상습범) 1. 제329조(주거침입) 또는 제330조(퇴거불응)의 죄: 3년 이하의 징역 또는 500만원 이하의 벌금  
형법 제360조(상습범) 2. 제331조(상습주거침입) 또는 제332조(미수범)의 죄: 5년 이하의 징역 또는 1천만원 이하의 벌금  
형법 제360조(상습범) 3. 제333조(강요) 또는 제334조(미수범)의 죄: 7년 이하의 징역 또는 1천500만원 이하의 벌금  
형법 제360조(상습범) 4. 제335조(인질강요) 또는 제336조(미수범)의 죄: 10년 이하의 징역 또는 2천만원 이하의 벌금  
형법 제276조(강제추행) ① 폭행 또는 협박으로 사람에 대하여 추행한 자는 10년 이하의 징역 또는 1천500만원 이하의 벌금에 처한다.  
형법 제276조(강제추행) ② 사람의 심신상실 또는 항거불능의 상태를 이용하여 추행한 자도 제1항의 형과 같다.  
형법 제276조(강제추행) ③ 아동·청소년 또는 신체적·정신적 장애로 항거불능의 상태에 있는 사람에 대하여 추행한 자는 1년 이상 10년 이하의 징역에 처한다.  
형법 제276조(강제추행) ④ 제1항부터 제3항까지의 죄를 범한 자가 다음 각 호의 어느 하나에 해당하면 2년 이상 15년 이하의 징역에 처한다.  
형법 제276조(강제추행) 1. 단체의 구성원이나 다수인이 함께 범행을 한 경우  
형법 제276조(강제추행) 2. 흉기나 위험한 물건을 휴대하여 범행을 한 경우  
형법 제276조(강제추행) 3. 다른 사람의 신체 상해 또는 생명에 대한 위험을 발생하게 한 경우  
형법 제276조(강제추행) 4. 범행 장면을 촬영하거나 그 촬영물을 반포·판매·임대·제공 또는 공공연하게 전시·상영한 경우  
형법 제276조(강제추행) ⑤ 제1항부터 제4항까지의 죄를 범한 자가 피해자 또는 그 친족에 대하여 합의의 의사표시를 한 때에는 그 형을 감경할 수 있다.  
형법 제276조(강제추행) ⑥ 제1항부터 제4항까지의 죄가 다른 죄에 병합되는 경우에는 그 중한 형으로 처벌한다."
41,"민법 제1조(법원) 민사에 관하여 법률에 규정이 없으면 관습법에 의하고 관습법이 없으면 조리에 의한다.  
민법 제2조(신의성실) ①권리의 행사와 의무의 이행은 신의에 좇아 성실히 하여야 한다. ②권리는 남용하지 못한다.  
민법 제3조(권리능력의 존속기간) 사람은 생존한 동안 권리와 의무의 주체가 된다.  
민법 제4조(성년) 사람은 19세로 성년에 이르게 된다.  
민법 제5조(미성년자의 법률행위의 효력) ①미성년자가 법정대리인의 동의를 얻지 아니한 법률행위는 취소할 수 있다. ②권리만을 얻거나 의무만을 면하는 행위는 법정대리인의 동의 없이 할 수 있다."
42,"민법 제5조 (미성년자의 법률행위)  
① 미성년자가 법률행위를 함에는 법정대리인의 동의를 얻어야 한다.  
② 권리만을 얻거나 의무만을 면하는 행위는 그러하지 아니하다.  

민법 제6조 (처분을 허락한 재산)  
① 법정대리인이 범위를 정하여 처분을 허락한 재산은 미성년자가 임의로 처분할 수 있다.  
② 법정대리인은 전항의 허락을 취소할 수 있다. 그러나 선의의 제3자에게 대항하지 못한다.  

형법 제10조 (심신장애)  
① 심신장애로 인하여 사물을 변별할 능력이 없거나 의사를 결정할 능력이 없는 자의 행위는 벌하지 아니한다.  
② 심신장애로 인하여 전항의 능력이 미약한 자의 행위는 형을 감경할 수 있다.  
③ 위험의 발생을 예견하고 자의로 심신장애를 야기한 자의 행위에는 제1항 및 제2항의 규정을 적용하지 아니한다.  

행정소송법 제3조 (항고소송의 종류)  
항고소송은 다음의 네가지로 구분한다.  
1. 취소소송: 행정청의 처분등을 취소 또는 변경하는 소송  
2. 무효등 확인소송: 행정청의 처분등의 효력 유무 또는 존재여부를 확인하는 소송  
3. 부작위위법확인소송: 행정청의 부작위(不作爲)가 위법하다는 것을 확인하는 소송  
4. 당사자소송: 행정청의 처분등을 거치지 아니하고 직접 행정청의 행위에 대한 소송  

헌법 제12조  
① 모든 국민은 신체의 자유를 가진다. 누구든지 법률에 의하지 아니하고는 체포·구속·압수·수색 또는 심문을 받지 아니하며, 법률과 적법한 절차에 의하지 아니하고는 처벌·보안처분 또는 강제노역을 받지 아니한다.  
② 모든 국민은 고문을 받지 아니하며, 형사상 자기에게 불리한 진술을 강요당하지 아니한다.  
③ 체포·구속·압수 또는 수색을 할 때에는 적법한 절차에 따라 검사의 신청에 의하여 법관이 발부한 영장을 제시해야 한다. 다만, 현행범인인 경우와 장기 3년 이상의 형에 해당하는 죄를 범하고 도피 또는 증거인멸의 염려가 있을 때에는 사후에 영장을 청구할 수 있다.  
④ 누구든지 체포 또는 구속을 당한 때에는 즉시 변호인의 조력을 받을 권리를 가진다. 다만, 형사피고인이 스스로 변호인을 구할 수 없을 때에는 법률이 정하는 바에 의하여 국가가 변호인을 붙인다.  
⑤ 누구든지 체포 또는 구속의 이유와 변호인의 조력을 받을 권리가 있음을 고지받지 아니하고는 체포 또는 구속을 당하지 아니한다. 체포 또는 구속을 당한 자의 가족등 법률이 정하는 자에게는 그 이유와 일시·장소가 지체없이 통지되어야 한다.  
⑥ 누구든지 체포 또는 구속을 당한 때에는 적부의 심사를 법원에 청구할 권리를 가진다.  
⑦ 피고인의 자백이 고문·폭행·협박·구속의 부당한 장기화 또는 기망 기타의 방법에 의하여 자의로 진술된 것이 아니라고 인정될 때 또는 정식재판에 있어서 피고인의 자백이 그에게 불리한 유일한 증거일 때에는 이를 유죄의 증거로 삼거나 이를 이유로 처벌할 수 없다."
43,"민법 제3조(권리능력의 존속기간)  
① 사람은 생존한 동안 권리와 의무의 주체가 된다.  
② 태아는 손해배상의 청구권에 관하여는 이미 출생한 것으로 본다.  

형법 제250조(살인, 존속살해)  
① 사람을 살해한 자는 사형, 무기 또는 5년 이상의 징역에 처한다.  
② 자기 또는 배우자의 직계존속을 살해한 자는 사형, 무기 또는 7년 이상의 징역에 처한다.  

행정법 제12조(행정소송의 제기)  
① 행정소송은 법령이 정하는 바에 따라 제기할 수 있다.  
② 취소소송의 제기는 처분 등의 효력이나 그 집행 또는 절차의 속행에 영향을 미치지 아니한다.  

헌법 제10조(인간의 존엄과 가치, 행복추구권)  
① 모든 국민은 인간으로서의 존엄과 가치를 가지며, 행복을 추구할 권리를 가진다.  
② 국가는 개인이 가지는 불가침의 기본적 인권을 확인하고 이를 보장할 의무를 진다.  

민사소송법 제149조(기일변경)  
법원은 상당한 이유가 있는 때에는 직권으로 또는 당사자의 신청에 따라 기일을 변경할 수 있다."
44,"형법 제32장 강사와 협박의 죄  
제283조(협박) ① 사람을 협박한 자는 3년 이하의 징역, 500만원 이하의 벌금, 구류 또는 과료에 처한다.  
②자기 또는 배우자의 직계존속에 대하여 제1항의 죄를 범한 때에는 5년 이하의 징역 또는 700만원 이하의 벌금에 처한다.  
③제1항 및 제2항의 죄는 피해자의 명시한 의사에 반하여 공소를 제기할 수 없다.  

민사소송법 제5편 중재  
제348조(중재합의) ① 계약상의 분쟁인지 여부에 불구하고 특정한 법률에 의한 법률관계에 관한 현존하는 분쟁 또는 장래의 분쟁을 중재에 의하여 해결하도록 하는 합의가 서면에 표시된 경우에 소송계약은 성립한다.  
②분쟁발생 후 이루어진 중재합의도 제1항의 규정에 의한 중재지정으로 본다.  

민법 제640조(임차인의 권리의무) ① 임차인은 임대차계약에 의하여 정하여진 용도에 따라 임차물을 사용·수익할 권리가 있다.  
②임차인은 임대차계약의 성질에 반하지 아니하는 범위 내에서 임대인에 대하여 그 목적물의 유지에 필요한 행위를 할 수 있다.  
③임차인은 임대인에 대하여 임차물의 하자보수 및 기타 임대차관계에서 필요한 통지를 할 권리가 있다.  

행정소송법 제26조(피고적격) ① 취소소송의 피고는 당해 처분을 한 행정청 또는 위원회이다.  
②처분또는부작위후그처분또는부작위에관계된권한이다른행정청에이전한때에는이를이전한행정청을피고로한다.  
③제청 또는 직권에 의한 처분에 대한 취소소송에서는 처분권한을 가지는 행정청 또는 위원회를 피고로 한다."
45,"민법 제5조 (미성년자의 법률행위)   
① 미성년자가 법률행위를 함에는 법정대리인의 동의를 얻어야 한다. 동의없는 법률행위는 취소할 수 있다.  
② 권리만을 얻거나 의무만을 면하는 행위는 그러하지 아니하다.  

형법 제329조 (절도)   
타인의 재물을 절취한 자는 6년 이하의 징역 또는 1천만 원 이하의 벌금에 처한다.  

행정소송법 제18조 (취소소송의 대상)  
취소소송은 처분등을 대상으로 한다. 다만, 처분등의 효과가 만료되거나 그 처분등을 취소ㆍ변경할 수 없는 사유가 발생한 경우에는 그러하지 아니하다.  

도로교통법 제50조 (보행자의 보호)   
① 모든 차의 운전자는 보행자가 횡단보도표시를 하는 도로에서의 보행자 횡단 시 그 보행자의 횡단을 방해하지 아니하도록 하여야 하며, 보행자의 안전한 통행을 위하여 필요한 경우 일시정지하여야 한다.  
② 모든 차의 운전자는 교통정리가 행하여지고 있는 교차로에서 신호기 또는 경찰관의 신호등에 따라 보행자가 도로를 횡단하고 있을 때에는 안전거리에서 일시정지하여야 한다.  

민법 제750조 (불법행위의 내용)  
고의 또는 과실로 인한 위법행위로 타인에게 손해를 가한 자는 그 손해를 배상할 책임이 있다."
46,"형법 제10조(정신장애자) ①심신장애로 인하여 사물을 변별할 능력이 없거나 의사를 결정할 능력이 없는 자의 행위는 벌하지 아니한다.  
②심신장애로 인하여 전항의 능력이 미약한 자의 행위는 형을 감경할 수 있다.  
③위험의 발생을 예견하고 자의로 심신장애를 유발한 자의 행위에는 제1항 및 제2항의 규정을 적용하지 아니한다.  

민법 제126조(대리권의 범위) 권한을 정하지 아니한 대리인은 다음 각 호의 사항만을 처리할 수 있다.  
1. 보존행위  
2. 대리의 목적인 물건이나 권리의 성질을 변하지 아니하는 범위에서 그 이용 또는 개량하는 행위  

헌법 제12조 ①모든 국민은 신체의 자유를 가진다. 누구든지 법률에 의하지 아니하고는 체포·구속·압수·수색 또는 심문을 받지 아니하며, 법률과 적법한 절차에 의하지 아니하고는 처벌·보안처분 또는 강제노역을 받지 아니한다.  
②모든 국민은 고문을 받지 아니하며, 형사상 자기에게 불리한 진술을 강요당하지 아니한다.  
③체포·구속·압수 또는 수색을 할 때에는 적법한 절차에 따라 검사의 신청에 의하여 법관이 발부한 영장을 제시하여야 한다. 다만, 현행범인인 경우와 장기 3년 이상의 형에 해당하는 죄를 범하고 도피 또는 증거인멸의 염려가 있을 때에는 사후에 영장을 청구할 수 있다.  

행정소송법 제19조(취소소송의 대상) 취소소송은 처분등을 대상으로 한다. 다만, 처분등의 효과가 기간만료로 인하여 소멸한 때에는 청구할 소의 이익이 없는 경우에 한한다."
47,"민법 제5조(미성년자의 법률행위)  
①미성년자가 법률행위를 함에는 법정대리인의 동의를 얻어야 한다.  
②항 생략  
③항 미성년자가 법정대리인의 동의 없이 행한 법률행위는 취소할 수 있다.  

형법 제250조(살인)  
①사람을 살해한 자는 사형, 무기 또는 5년 이상의 징역에 처한다.  
②항 직계비속을 죽인 때에는 무기 또는 7년 이상의 징역에 처한다.  

행정소송법 제19조(처분변경으로 인한 소의 변경)  
①처분등이 소가 제기된 후에 변경된 때에는 원고는 피고의 동의를 얻어 소의 변경을 청구할 수 있다.  
②항 생략  
③항 제1항의 규정에 의한 소는 처분변경처분에 대하여 제기하여야 한다.  

헌법 제34조(사회적 기본권)  
①모든 국민은 인간다운 생활을 할 권리를 가진다.  
②항 국가는 사회보장·사회복지의 증진에 노력할 의무를 진다.  
③항 국가는 여자의 복지와 권익의 향상을 위하여 노력하여야 한다.  

도로교통법 제5조(보행자의 통행)  
①보행자는 보도나 보행자가 설치된 도로에서는 그 보도나 설치된 도로부분을 통행하여야 한다.  
②항 보도가 없는 도로에서는 도로의 좌측 왼쪽으로 통행하여야 한다.  
③항 보행자는 도로횡단시 횡단보도나 지하도·육교등을 이용하여야 한다."
48,"민법 제5조(성년)  
① 사람은 19세로 성년에 이르게 된다.  
② 성년에 이른 자는 성년자와 동일한 법률행위능력을 가진다.  

형법 제250조(살인)  
① 사람을 살해한 자는 사형, 무기 또는 5년 이상의 징역에 처한다.  
② 자기 또는 배우자의 직계존속을 살해한 경우에는 사형, 무기 또는 7년 이상의 징역에 처한다.  

행정소송법 제6조(취소소송의 대상)  
① 취소소송은 처분 등을 대상으로 한다. 처분을 행정청이 행한 구체적 사실에 관한 법집행으로서 공권력의 행사 또는 그 거부와 그 밖에 이에 준하는 행정작용(제3호에 규정된 심판포함) 및 행정심판에 대한 재결을 말한다.  
② 제1항의 규정에도 불구하고, 재결취소소송의 경우에는 당해 재결 자체에 고유한 위법이 있음을 이유로 하는 경우에 한하여 제기할 수 있다.  

헌법 제12조  
① 모든 국민은 신체의 자유를 가진다. 누구든지 법률에 의하지 아니하고는 체포·구속·압수·수색 또는 심문을 받지 아니하며, 법률과 적법한 절차에 의하지 아니하고는 처벌·보안처분 또는 강제노역을 받지 아니한다.  
② 모든 국민은 고문을 받지 아니하며, 형사상 자기에게 불리한 진술을 강요당하지 아니한다.  
③ 체포·구속·압수 또는 수색을 할 때에는 적법한 절차에 따라 검사의 신청에 의하여 법관이 발부한 영장을 제시하여야 한다. 다만, 현행범인인 경우와 장기 3년 이상의 형에 해당하는 죄를 범하고 도피 또는 증거인멸의 염려가 있을 때에는 사후에 영장을 청구할 수 있다.  
④ 누구든지 체포 또는 구속을 당한 때에는 즉시 변호인의 조력을 받을 권리를 가진다. 다만, 형사피고인이 스스로 변호인을 구할 수 없을 때에는 법률이 정하는 바에 의하여 국가가 변호인을 붙인다.  
⑤ 누구든지 체포 또는 구속의 이유와 변호인의 조력을 받을 권리가 있음을 고지받지 아니하고는 체포 또는 구속을 당하지 아니한다. 체포 또는 구속을 당한 자의 가족등 법률이 정하는 자에게는 그 이유와 일시·장소가 지체없이 통지되어야 한다.  
⑥ 누구든지 체포 또는 구속을 당한 때에는 적부의 심사를 법원에 청구할 권리를 가진다.  
⑦ 피고인의 자백이 고문·폭행·협박·구속의 부당한 장기화 또는 기망 그 밖의 부당한 방법에 의하여 자의로 진술된 것이 아니라고 인정될 때 또는 정식재판절차에서 피고인의 자백이 그에게 불리한 유일한 증거일 때에는 이를 유죄의 증거로 삼거나 이를 이유로 처벌할 수 없다.  

민법 제750조(불법행위의 내용)  
고의 또는 과실로 인한 위법행위로 타인에게 손해를 가한 자는 그 손해를 배상할 책임이 있다.  

형사소송법 제275조(피고인의 출석)  
① 피고인이 공판에 출석할 수 없는 사유가 있는 때에는 법원은 결정으로 피고인의 출석을 보류하고 소송절차를 진행할 수 있다.  
② 피고인이 공판기일에 출석하지 아니한 때에는 법원은 결정으로 피고인 없이 공판절차를 진행할 수 있다. 단, 변호인 또는 대리인이 있는 경우에 한한다.  

상법 제399조(주식회사의 설립등기)  
① 주식회사의 설립등기에는 다음 각 호의 사항을 기재하여야 한다.  
1. 목적  
2. 상호  
3. 회사가 발행할 주식의 총수  
4. 1주의 금액  
5. 본점의 소재지  
6. 회사의 존립기간 또는 해산사유를 정한 때에는 그 기간 또는 사유  
7. 공모주식의 총수·종류 및 각 종류별 수액  
8. 발행주식의 총수  
9. 주식의 양도에 관한 제한 또는 주식을 질권 대상으로 할 수 없음을 정한 때에는 그 내용  
10. 이사 및 감사의 성명·주민등록번호 및 주소  
11. 회사를 대표할 이사 또는 집행임원의 성명과 주소  
12. 주주총회 결의에 관하여 수종의 의결권을 인정한 때에는 그 구분 및 내용  
13. 주식의 병합 또는 분할을 한 때에는 그 내용  
14. 그 밖에 법령 또는 정관에 따라 등기할 사항  

특허법 제94조(특허발명의 보호범위)  
① 특허발명의 보호범위는 청구범위에 기재된 사항으로 정한다.  
② 청구범위의 기재는 다음 각 호의 사항을 명시하여야 한다.  
1. 발명이 속하는 기술분야  
2. 해결하고자 하는 기술적 과제  
3. 발명의 구성 및 작용효과  
③ 제2항의 규정에 불구하고, 발명의 성질상 청구범위의 기재로써 발명의 기술적 범위를 충분히 명시하지 못한 경우에는 명세서 또는 도면에 기재된 사항으로서 청구범위의 기재에 의하여 명확히 이해되는 사항에 의하여 그 보호범위를 확정할 수 있다.  

민사소송법 제149조(기일통지의 생략)  
① 피고가 출석하지 아니하거나 당사자의 신청이 없는 때에는 법원은 기일의 통지를 생략할 수 있다.  
② 제1항의 규정은 당사자가 기일의 통지를 받을 권리를 포기한 때에는 적용하지 아니한다."
49,"민법 제5조 (미성년자의 법률행위)  
① 미성년자가 법률행위를 함에는 법정대리인의 동의를 얻어야 한다.  
② 권리만을 얻거나 의무만을 면하는 행위는 그러하지 아니하다.  

민법 제7조 (성년후견개시의 심판)  
① 가정법원은 질병, 장애, 노령, 그 밖의 사유로 인한 정신적 제약으로 사무를 처리할 능력이 지속적으로 결여된 사람에 대하여 본인, 배우자, 4촌 이내의 친족, 미성년후견인, 미성년후견감독인, 한정후견인, 한정후견감독인, 특정후견인, 특정후견감독인, 검사 또는 지방자치단체의 장의 청구에 의하여 성년후견개시의 심판을 한다.  
② 가정법원은 성년후견개시의 심판을 할 때 본인의 의사를 고려하여야 한다.  

형법 제257조 (상해)  
① 사람의 신체를 상해한 자는 7년 이하의 징역 또는 1천만 원 이하의 벌금에 처한다.  
② 자기 또는 배우자의 직계존속에 대하여 제1항의 죄를 범한 때에는 10년 이하의 징역 또는 1천500만 원 이하의 벌금에 처한다.  
③ 전 2항의 미수범은 처벌한다.  

행정소송법 제12조 (취소소송의 대상)  
취소소송은 처분등을 대상으로 한다. 다만, 처분등의 효과가 소멸한 경우에는 처분할 소지가 남아 있는 때에 한하여 제기할 수 있다.  

헌법 제36조  
① 혼인과 가족생활은 개인의 존엄과 양성의 평등을 기초로 성립되고 유지되어야 한다.  
② 국가는 모성의 보호를 위하여 노력하여야 한다.  
③ 모든 국민은 보건에 관하여 국가의 보호를 받는다."
50,"민법 제3조(권리의 행사와 의무의 이행)  
① 권리는 남용하지 못한다.  
② 권리는 법률의 범위 내에서 행사의 자유와 한계가 있다.  

형법 제250조(살인)  
① 사람을 살해한 자는 사형, 무기 또는 5년 이상의 징역에 처한다.  
② 자기 또는 배우자의 직계존속을 살해한 때에는 사형, 무기 또는 7년 이상의 징역에 처한다.  

행정소송법 제1조(목적) 이 법은 행정소송절차에 관하여 규정함을 목적으로 한다.  

형법 제329조(절도) 타인의 재물을 절취한 자는 6년 이하의 징역 또는 1천만 원 이하의 벌금에 처한다.  

민법 제750조(불법행위의 내용) 고의 또는 과실로 인한 위법행위로 타인에게 손해를 가한 자는 그 손해를 배상할 책임이 있다.  

형사소송법 제244조(피의자신문) 검사는피의자를 신문하기 전에 다음 각 호의 사항을 알려주어야 한다.  
1. 피의자로서의 진술거부권  
2. 변호인을 참여시킬 수 있는 권리  
3. 진술내용이 증거로 사용될 수 있다는 사실  

민법 제105조(임의규정) 법률행위의 당사자가 법령 중의 선량한 풍속 기타 사회질서에 관계없는 규정과 다른 의사를 표시한 때에는 그 의사에 의한다.  

형법 제366조(재물손괴등) 타인의 재물, 문서 또는 전자기록등 특수매체기록을 손괴 또는 은닉 기타 방법으로 기효용을 해한 자는 3년 이하의 징역 또는 700만 원 이하의 벌금에 처한다.  

민사소송법 제1조(민사소송의 이상과 신의성실의 원칙) ① 법원은 소송절차가 공정하고 신속하며 경제적으로 진행되도록 노력하여야 한다.  
② 당사자는 신의에 따라 성실하게 소송을 수행하여야 한다."
51,"민법 제750조(불법행위의 내용)  
① 고의 또는 과실로 인한 위법행위로 타인에게 손해를 가한 자는 그 손해를 배상할 책임이 있다.  
② 행위의 위법성 또는 손해를 알면서 자수한 자는 법원이 손해배상액을 정함에 있어 이를 참작할 수 있다.  

형법 제250조(살인)  
① 사람을 살해한 자는 사형, 무기징역 또는 5년 이상의 징역에 처한다.  
② 자기 또는 배우자의 직계존속을 살해한 때에는 사형, 무기징역 또는 7년 이상의 징역에 처한다.  

헌법 제36조  
① 혼인과 가족생활은 개인의 존엄과 양성평등을 기초로 성립되고 유지되어야 한다.  
② 국가는 모성의 보호를 위하여 노력하여야 하며, 보건의료에 관한 정책을 실시할 때에는 모성보호와 영유아 보호를 고려하여야 한다.  

행정소송법 제18조(제소기간)  
취소소송의 제소기간은 처분 등이 있음을 안 날부터 90일 이내로 한다. 다만, 처분 등이 있은 날부터 1년 이내에 제기하여야 한다.  
처분 등이 있은 날부터 처분 등이 있음을 안 날까지의 기간에 관하여는 제1항 본문을 적용하지 아니한다."
52,"형사소송법 제201조(구속 

1. 피의자가 죄를 범하였다고 의심할 만한 상당한 이유가 있고 다음 각 호의 1에 해당하는 사유가 있는 경우에는 검사는 관할지방법원판사에게 청구하여 구속영장을 받아 피의자를 구속할 수 있다. 다만, 5만원 이하의 벌금, 구류 또는 과료에 해당하는 사건의 경우에는 피의자가 일정한 주거가 없는 때에 한한다. 

1. 피의자가 일정한 주거가 없는 때 

2. 피의자가 증거를 인멸할 염려가 있는 때 

3. 피의자가 도망하거나 도망할 염려가 있는 때 

2. 제1항의 청구를 받은 지방법원판사는 현저히 부당하지 아니한 한 구속영장을 발부하여야 한다. 

3. 구속영장에는 다음 사항을 기재하고 지방법원판사가 서명날해야 한다. 

1. 피의자의 성명, 연령, 직업 및 주거 

2. 죄명 및 범죄사실의 요지 

3. 인원일, 구속할 장소·기간 및 이를 초과할 수 없는 곳 

4. 영장 발부 연월일 및 법원 및 법관이름 

4. 검사는 구속영장을 발부받은 후가 아니면 피의자를 구속할 수 없다. 다만, 급속을 요하는 경우에는 그 후에 발부받을 수 있다. 

5. 전항의 경우에 영장을 발부받지 못한 때에는 즉시 피의자를 석방하여야 한다. 

헌법 제38조(납세의 의무 

모든 국민은 법률이 정하는 바에 의하여 납세의 의무를 진다. 

민법 제105조(임의규정 

법률행위의 당사자가 선의이고 법규 또는 관습법에 반하지 아니하는 것으로서 법률행위의 내용·조건 또는 효과에 관하여 다른 의사를 표시한 때에는 그 의사에 따른다. 

형법 제257조(상해, 존속상해 

1. 사람의 신체를 상해한 자는 7년 이하의 징역, 10년 이하의 자격정지 또는 1천만원 이하의 벌금에 처한다. 

2. 자기 또는 배우자의 직계존속에 대하여 제1항의 죄를 범한 때에는 10년 이하의 징역 또는 1천500만원 이하의 벌금에 처한다. 

3. 전 2항의 미수범은 처벌한다. 

민법 제390조(채무불이행과 손해배상 

채무자가 채무의 내용에 좇은 이행을 하지 아니한 때에는 채권자들은 손해배을 청구할 수 있다. 그러나 채무자가 고의나 과실없이 이행할 수 없게 된 때에는 그러하지 아니하다. 

형법 제355조(횡령, 배임 

1. 타인의 재물을 보관하는 자가 그 재물을 횡령하거나 그 반환을 거부한 때에는 5년 이하의 징역 또는 1천500만원 이하의 벌금에 처한다. 

2. 타인의 사무를 처리하는 자가 그 임무에 위배하는 행위로써 재산상의 이익을 취득하거나 제삼자로 하여금 이를 취득하게 하여 본인에게 손해를 가한 때에도 전항의 형과 같다. 

행정소송법 제3조(항고소송 

항고소송은 행정청의 처분이나 행정심판의 재결을 대상으로 한다. 

형법 제331조(특수절도 

흉기나 위험한 물건을 휴대하거나 2인 이상이 합동하여 타인의 재물을 절취한 자는 1년 이상 10년 이하의 징역에 처한다. 

민법 제563조(매매의 의의 

매매는 당사자 한쪽이 재산권을 상대방에게 이전할 것을 약정하고 상대방이 그 대금을 지급할 것을 약정함으로써 그 효력이 생긴다. 

형법 제329조(절도 

타인의 재물을 절취한 자는 6년 이하의 징역 또는 1천만원 이하의 벌금에 처한다. 

민사소송법 제248조(제소전 화해 

민사소송법의 규정에 따른 화해절차는 법원이 당사자의 신청에 의하여 한다. 

형법 제366조(재물손괴등 

타인의 재물, 문서 또는 전자기록등 특수매체기록을 손괴 또는 은닉 기타 방법으로 기 효용을 해한 자는 3년 이하의 징역 또는 700만원 이하의 벌금에 처한다. 

헌법 제12조(신체의 자유 

1. 모든 국민은 신체의 자유를 가진다. 누구든지 법률에 의하지 아니하고는 체포·구속·압수·수색 또는 심문심문을 받지 아니하며, 법률과 적법한 절차에 의하지 아니하고는 처벌·보안처분 또는 강제노역을 받지 아니한다. 

2. 누구든지 체포 또는 구속을 당한 때에는 즉시 변호인의 조력을 받을 권리를 가진다. 다만, 형사피고인이 스스로 변호인을 구할 수 없을 때에는 법률이 정하는 바에 의하여 국가가 변호인을 붙인다. 

3. 누구든지 체포 또는 구속의 이유와 변호인의 조력을 받을 권리가 있음을 고지받지 아니하고는 체포 또는 구속을 당하지 아니한다. 체포 또는 구속을 당한 자의 가족등 법률이 정하는 자에게는 그 이유와 일시·장소가 지체없이 통지되어야 한다. 

4. 누구든지 체포 또는 구속을 당한 때에는 적부의 심사를 법원에 청구할 권리를 가진다. 

5. 피고인의 자백이 고문·폭행·협박·구속의 부당한 장기화 또는 기망 기타의 방법에 의하여 자의로 진술된 것이 아니라고 인정될 때 또는 정식재판에 있어서 피고인의 자백이 그에게 불리한 유일한 증거일 때에는 이를 유죄증거로 삼거나 이를 이유로 처벌할 수 없다. 

민법 제750조(불법행위의 내용 

고의 또는 과실로 인한 위법행위로 타인에게 손해를 가한 자는 그 손해를 배상할 책임이 있다."
53,"헌법 제10조  
모든 국민은 인간으로서의 존엄과 가치를 가지며, 행복을 추구할 권리를 가진다. 국가는 개인이 가지는 불가침의 기본적 인권을 확인하고 이를 보장할 의무를 진다.  

민법 제3조  
사람은 생존한 동안 권리와 의무의 주체가 된다.  

형법 제32조 제1항  
정당에 행위에 상당한 이유가 있는 때에는 형을 감경 또는 면제할 수 있다.  

행정법 제3조 제2항  
행정선은 신의에 따라 성실히 수행하여야 한다."
54,"민법 제4편 제1장 제103조 (사회질서 위반)  
① 선량한 풍속 기타 사회질서에 위반한 사항을 내용으로 하는 법률행위는 무효로 한다.  
② 권리의 행사가 남용되는 경우에도 전항과 같다.  

형법 제250조 (살인)  
① 사람을 살해한 자는 사형, 무기 또는 5년 이상의 징역에 처한다.  
② 자기 또는 배우자의 직계존속을 살해한 때에는 사형, 무기 또는 7년 이상의 징역에 처한다.  

행정소송법 제26조 (소의 제기)  
① 취소소송의 제기는 처분청의 소재지를 관할하는 행정법원을 전속관할로 한다.  
② 처분의 효과가 기간 경과, 처분집행의 방지 등으로 소멸한 경우에도 그 처분의 취소로 인하여 회복하기 위한 법률상 이익이 있는 때에는 소의 이익이 있다.  

헌법 제23조 (재산권 보장)  
① 모든 국민의 재산권은 보장된다. 그 내용과 한계는 법률로 정한다.  
② 재산권의 행사는 공공복리에 적합하도록 하여야 한다.  
③ 공공필요에 의한 재산권의 수용·사용 또는 제한 및 그에 대한 보상은 법률로써 하되, 정당한 보상을 지급하여야 한다."
55,"민법 제3조(권리능력의 존속기간)  
① 사람은 생존한 동안 권리와 의무의 주체가 된다.  

민법 제563조(매매의 의의)  
매매는 당사자 일방이 재산권을 상대방에게 이전할 것을 약정하고 상대방이 그 대금을 지급할 것을 약정함으로써 그 효력이 생긴다.  

형법 제250조(살인, 존속살해)  
①사람을 살해한 자는 사형, 무기 또는 5년 이상의 징역에 처한다.  
②자기 또는 배우자의 직계존속을 살해한 자는 사형, 무기 또는 7년 이상의 징역에 처한다.  

헌법 제12조(죄수의 인도금지 등)  
①모든 국민은 신체의 자유를 가진다. 누구든지 법률에 의하지 아니하고는 체포·구속·압수·수색 또는 심문을 받지 아니하며, 법률과 적법한 절차에 의하지 아니하고는 처벌·보안처분 또는 강제노역을 받지 아니한다.  

민사소송법 제149조(기판력의 객관적 범위)  
확정판결은 주문에 포함된 것에 한하여 기판력이 있다.  

행정소송법 제26조(처분변경으로 인한 소의 변경)  
① 취소소송중에 그 대상인 처분등이 변경된 때에는 피고는 소송절차계속중에 한해 법원의 허가를 받아 청구의 취지 또는 원인을 변경할 수 있다.  
② 제1항의 규정에 의한 허가신청은 처분변경의 통지를 받은 날부터 60일 이내에 하여야 한다.  

형법 제329조(절도)  
타인의 재물을 절취한 자는 6년 이하의 징역 또는 1천만 원 이하의 벌금에 처한다.  

민법 제650조(임대차의 의의)  
임대차는 당사자 일방이 상대방에게 목적물을 사용, 수익하게 할 것을 약정하고 상대방이 이에 대하여 차임을 지급할 것을 약정함으로써 그 효력이 생긴다.  

헌법 제21조(언론·출판의 자유)  
①모든 국민은 언론·출판의 자유와 집회·결사의 자유를 가진다.  
②언론·출판에 대한 허가나 검열과 집회·결사에 대한 허가는 인정되지 아니한다.  

형법 제355조(횡령, 배임)  
①타인의 재물을 보관하는 자가 그 재물을 횡령하거나 그 반환을 거부한 때에는 5년 이하의 징역 또는 1천500만 원 이하의 벌금에 처한다.  
②타인의 사무를 처리하는 자가 그 임무에 위배하는 행위로 말미암아 재산상의 이익을 취득하거나 제3자로 하여금 이를 취득하게 하여 본인에게 손해를 가한 때에도 전항의 형과 같다."
56,"민법 제3조(권리능력의 존속기간)  
① 사람은 생존한 동안 권리와 의무의 주체가 된다.  
형사소송법 제244조(고소의 취소)  
① 고소는 제1심 판결전까지는 취소할 수 있다.  
행정법 제12조(법규명령의 공포)  
법령이 공포된 후 20일이 경과하여야 그 효력이 발생한다.  
형법 제257조(폭행, 협박)  
① 폭행 또는 협박으로 인해 사람의 신체를 상해하게 한 자는 7년 이하의 징역 또는 1천만 원 이하의 벌금에 처한다.  
지방자치법 제39조(지방의회의 조례제정)  
지방의회는 법령의 범위 안에서 그 권한에 속하는 사항에 관하여 조례를 제정할 수 있다."
57,"민법 제3조(권리능력의 존속기간)  

① 사람은 생존한 동안 권리와 의무의 주체가 된다.  

민법 제390조(채무불이행과 손해배상)  

① 채무자가 채무의 내용에 좇은 이행을 하지 아니한 때에는 채권자는 손해배상을 청구할 수 있다. 그러나 채무자의 고의나 과실 없이 이행할 수 없게 된 때에는 그러하지 아니하다.  

형법 제250조(살인, 존속살해)  

① 사람을 살해한 자는 사형, 무기 또는 5년 이상의 징역에 처한다.  
② 자기 또는 배우자의 직계존속을 살해한 자는 사형, 무기 또는 7년 이상의 징역에 처한다.  

행정소송법 제18조(피고적격)  

① 행정소송은 다른 법률에 특별한 규정이 없는 한 다음 각 호의 자를 피고로 한다.  
1. 처분등을 한 행정청  
2. 재결청  

헌법 제34조(생활무력자 보호)  

① 모든 국민은 인간다운 생활을 할 권리를 가진다.  
② 국가는 사회보장·사회복지의 증진에 노력할 의무를 진다.  
③ 국가는 여자의 복지와 권익의 향상을 위하여 노력하여야 한다.  
④ 국가는 노인과 청소년의 복지향상을 위한 정책을 실시할 의무를 진다.  
⑤ 신체장애자 및 질병·노령 기타의 사유로 생활능력이 없는 국민은 법률이 정하는 바에 의하여 국가의 보호를 받는다.  

민법 제536조(동시이행의 항변권)  

① 쌍무계약의 당사자 일방은 상대방이 그 채무이행을 제공할 때까지 자기의 채무이행을 거절할 수 있다. 그러나 상대방의 채무이행이 불가항력 그 밖의 정당한 사유로 말미옴아 이행지체에 빠진 때에는 그러하지 아니하다.  
② 당사자 일방이 상대방에게 먼저 이행하여야 할 경우에 상대방의 이행이 곤란할 현저한 사유가 있는 때에는 전항 본문과 같다."
58,"민법 제378조(저당권의 효력범위)  

저당권은 저당물의 상각·수용 기타 사유를 불문하고 저당권설정자가 받을 금전 기타 물에 대하여도 이를 행사할 수 있다. 그러나 저당권설정 당시 그 목적물을 특정하여 정하지 아니한 때에는 그러하지 아니하다.  

민법 제378조의2(공동저당의 경우 부동산경매와 배당순위)  

① 동일한 채권의 담보로 수개의 부동산에 저당권을 설정한 경우에 그 부동산의 경매대가를 동시에 배당하는 때에는 각 부동산의 경매대가에 비례하여 그 채권의 분담을 정한다.  
② 전항의 경우에 한 부동산의 경매대가를 먼저 배당하는 때에는 저당권자는 그 대가에서 채권의 전부 또는 일부만 변제받을 수 있다. 이 경우 채권에 대한 잔여금액은 다른 부동산의 경매대가에서 우선변제받을 권리가 있다.  
③ 제1항의 비례배분은 각 부동산의 담보비율에 따른다.  

민법 제379조(저당물의 보충)  

저당권설정자가 저당권설정 후에 저당물의 멸실·훼손 또는 공용징수로 인하여 이를 처분할 권능이 없는 경우에 그 받을 금전 또는 물건을 저당물의 보존에 필요한 비용에 충당하거나 그 대금으로부터 저당권을 행사할 수 있다. 다만, 그 금전 또는 물건이 저당권설정자의 일반재산에 속한 때에는 저당권자는 그 권리를 행사하지 못한다.  

민법 제380조(저당권 침해와 손해배상)  

저당권자는 저당권의 침해사유가 있는 때에는 그 침해의 정도, 손해액, 기타 사정을 고려하여 손해배상에 갈음하거나 손해배상과 함께 저당권의 실행을 청구할 수 있다.  

민법 제381조(저당물청구권의 보전)  

저당권자는 저당물에 대하여 제3자가 소유물반환청구나 기타 물권에 기초한 청구권을 가지는 경우에도 그 청구권을 대위하여 행사할 수 있다."
59,"민법 제5조(성년)  
① 사람은 19세로 성년에 이르게 된다.  
② 미성년자가 혼인을 한 때에는 성년자로 본다.  

형법 제250조(살인, 존속살해)  
① 사람을 살해한 자는 사형, 무기 또는 5년 이상의 징역에 처한다.  
② 자기 또는 배우자의 직계존속을 살해한 자는 사형, 무기 또는 7년 이상의 징역에 처한다.  

행정소송법 제18조(소의 제기)  
① 취소소송과 당사자소송은 법률에 특별한 규정이 없는 한 법령의 위반으로 인하여 권리를 침해받은 자가 제기할 수 있다.  
② 취소소송의 제기는 처분등의 취소를 구할 법률상 이익이 있는 자에 한한다.  

헌법 제12조(신체의 자유, 자백배제 등)  
① 모든 국민은 신체의 자유를 가진다. 누구든지 법률에 의하지 아니하고는 체포·구속·압수·수색 또는 심문을 받지 아니하며, 법률과 적법한 절차에 의하지 아니하고는 처벌·보안처분 또는 강제노역을 받지 아니한다.  
② 모든 국민은 고문을 받지 아니하며, 형사상 자기에게 불리한 진술을 강요당하지 아니한다.  
③ 체포·구속·압수 또는 수색을 할 때에는 적법한 절차에 따라 검사의 신청에 의하여 법관이 발부한 영장을 제시해야 한다. 다만, 현행범인인 경우와 장기 3년 이상의 형에 해당하는 죄를 범하고 도피 또는 증거인멸의 염려가 있을 때에는 사후에 영장을 청구할 수 있다.  
④ 누구든지 체포 또는 구속을 당한 때에는 즉시 변호인의 조력을 받을 권리를 가진다. 다만, 형사피고인이 스스로 변호인을 구할 수 없을 때에는 법률이 정하는 바에 의하여 국가가 변호인을 붙인다.  
⑤ 피고인의 자백이 고문·폭행·협박·구속의 부당한 장기화 또는 기망 기타의 방법에 의하여 자의로 진술된 것이 아니라고 인정될 때 또는 정식재판절차에서 피고인의 자백이 그에게 불리한 유일한 증거일 때에는 이를 유죄의 증거로 삼거나 이를 이유로 처벌할 수 없다.  

상법 제399조(발기인, 이사 기타의 직원의 책임)  
① 발기인, 이사, 감사위원회가 설치된 회사의 감사위원회 위원, 감사 또는 청산인(이하 ""이사등""이라 한다)이 그 임무를 해태한 때에는 그 이사등은 회사에 대하여 연대하여 손해를 배상할 책임이 있다.  
② 이사 등이 악의 또는 중대한 과실로서 그 임무를 해태한 때에는 그 이사 등은 제3자에 대하여 연대하여 손해를 배상할 책임이 있다."
60,"형법 제347조(사기) ① 사람을 기망하여 재물의 교부를 받거나 재산상의 이익을 취득한 자는 10년 이하의 징역 또는 2천만 원 이하의 벌금에 처한다.  
② 전항의 방법으로 제3자로 하여금 재물의 교부를 받게 하거나 재산상의 이익을 취득하게 한 때에도 전항의 형과 같다.  

민법 제570조(매도인의 하자담보책임) 매도인이 계약 당시에 대지(토지)의 하자(흠)를 알았거나 알 수 있었을 경우에 매수인이 그 하자를 알지 못한 때에는 매수인은 매도인에게 다음의 구분에 따라 손해를 배상할 것을 청구할 수 있다.  
1. 계약이 목적을 달성할 수 없는 경우에는 계약을 해제할 수 있다.  
2. 계약이 목적을 달성할 수 있는 경우에는 손해배상을 청구할 수 있다.  

헌법 제33조(근로의 권리) ① 모든 국민은 근로의 권리를 가진다. 국가는 사회적·경제적 방법으로 근로자의 고용의 증진과 적정임금의 보장에 노력하여야 하며, 법률이 정하는 바에 의하여 최저임금제를 시행하여야 한다.  
② 모든 국민은 근로의 의무를 진다. 국가는 근로의 의무의 내용과 조건을 민주주의 원칙에 따라 법률로 정한다.  
③ 근로조건의 기준은 인간의 존엄성을 보장하도록 법률로 정한다.  
④ 여자와 소년의 근로는 특별한 보호를 받는다.  
⑤ 국가유공자·상이군경 및 전몰군경의 유가족은 법률이 정하는 바에 의하여 우선적으로 근로의 기회를 부여받는다.  

민법 제750조(불법행위의 내용) 고의 또는 과실로 인한 위법행위로 타인에게 손해를 가한 자는 그 손해를 배상할 책임이 있다.  

형법 제250조(살인) ① 사람을 살해한 자는 사형, 무기 또는 5년 이상의 징역에 처한다.  
② 자기 또는 배우자의 직계존속을 살해한 때에는 사형, 무기 또는 7년 이상의 징역에 처한다.  

민법 제118조(대리권의 범위) 권한을 정하지 아니한 대리인은 다음 각 호의 사항만을 처리할 수 있다.  
1. 보존행위  
2. 대리의 목적인 물건이나 권리의 성질을 변하지 아니하는 범위에서 그 이용 또는 개량하는 행위  

형법 제329조(절도) 타인의 재물을 절취한 자는 6년 이하의 징역 또는 1천만 원 이하의 벌금에 처한다.  

민법 제214조(소유물방해제거, 방해예방청구권) 소유자는 소유권을 방해하는 자에 대하여 방해의 제거를 청구할 수 있고 소유권을 방해할 염려가 있는 행위를 하는 자에 대하여 그 예방이나 손해배상의 담보를 청구할 수 있다.  

헌법 제21조(언론·출판·집회·결사의 자유) ① 모든 국민은 언론·출판의 자유와 집회·결사의 자유를 가진다.  
② 언론·출판에 대한 허가나 검열과 집회·결사에 대한 허가는 인정되지 아니한다.  
③ 통신·방송의 시설기준과 신문의 기능을 보장하기 위하여 필요한 사항은 법률로 정한다.  
④ 언론·출판은 타인의 명예나 권리 또는 공중도덕이나 사회윤리를 침해하여서는 아니 된다. 언론·출판이 타인의 명예나 권리를 침해한 때에는 피해자는 이에 대한 피해의 배상을 청구할 수 있다.  

민법 제460조(변제의 제공) 변제를 제공할 때에는 채무내용에 따라 현실제공(現實提供)으로 하여야 한다. 그러나 채권자가 미리 변제받기를 거절하거나 채무의 이행이 채권자의 행위를 필요로 할 때에는 변제준비의 완료를 통지하고 그 수령을 최고(催告)하면 된다.  

형법 제152조(위증, 모해위증) ① 법률에 의하여 선서한 증인이 허위의 진술을 한 때에는 5년 이하의 징역 또는 1천만 원 이하의 벌금에 처한다.  
② 형사처벌을 하게 하거나 면하게 할 목적으로 전항의 죄를 범한 때에는 10년 이하의 징역에 처한다."
61,"민법 제1조(법원) 민사에 관하여 법률에 규정이 없으면 관습법에 의하고 관습법이 없으면 조리에 의한다.  

민법 제2조(신의성실) ① 권리의 행사와 의무의 이행은 신의에 좇아 성실히 하여야 한다.  
② 권리는 남용하지 못한다.  

민법 제3조(권리능력의 존속기간) 사람은 생존한 동안 권리와 의무의 주체가 된다.  

민법 제4조(성년) 사람은 19세로 성년에 이르게 된다.  

민법 제5조(미성년자의 법률행위) ① 미성년자가 법률행위를 함에는 법정대리인의 동의를 얻어야 한다. 동의없는 법률행위는 취소할 수 있다.  
② 권리만을 얻거나 의무만을 면하는 법률행위는 법정대리인의 동의 없이 할 수 있다.  

민법 제6조(처분을 허락한 재산) 법정대리인이 범위를 정하여 처분을 허락한 재산은 미성년자가 임의로 처분할 수 있다.  

민법 제7조(동의와 허락의 취소) 법정대리인은 미성년자가 아직 법률행위를 하기 전에는 전2조의 동의와 허락을 취소할 수 있다.  

민법 제8조(영업의 허락) ① 미성년자가 법정대리인으로부터 허락을 얻은 특정한 영업에 관하여는 성년자와 동일한 행위능력이 있다.  
② 법정대리인은 전항의 허락을 취소 또는 제한할 수 있다. 그러나 선의의 제삼자에게 대항하지 못한다.  

민법 제9조(한정치산자와 법정대리인) 한정치산자의 법정대리인은 법원에 의하여 선임된다."
62,"민법 제3조(권리능력의 존속기간)  
① 사람은 생존한 동안 권리와 의무의 주체가 된다.  
② 태아는 손해배상의 청구권에 관하여는 이미 출생한 것으로 본다.  

형법 제250조(살인, 존속살해)  
① 사람을 살해한 자는 사형, 무기 또는 5년 이상의 징역에 처한다.  
② 자기 또는 배우자의 직계존속을 살해한 자는 사형, 무기 또는 7년 이상의 징역에 처한다.  

행정소송법 제18조(제소기간)  
① 항고소송은 처분등이 있음을 안 날부터 90일 이내에 제기하여야 한다.  
② 처분등이 있은 날부터 1년을 경과하면 제기하지 못한다. 다만, 정당한 사유가 있는 때에는 그러하지 아니하다.  
③ 제1항의 기간은 불변기간으로 한다.  

헌법 제37조(국회의원의 의정활동)  
① 국회의원은 법령에서 정하는 공직외에는 겸직할 수 없다.  
② 국회의원은 현행범인인 경우를 제외하고는 회기중 국회의 동의없이 체포 또는 구금되지 아니한다.  

민법 제1115조(유언집행의 비용)  
유언집행에 필요한 비용은 상속재산 중에서 지급한다."
63,"형법 제314조(업무상 배임) ① 타인이 사무를 처리하는 자가 그 임무에 위배하는 행위로써 재산상의 이익을 취득하거나 제삼자로 하여금 이를 취득하게 하여 본인에게 손해를 가한 때에는 5년 이하의 징역 또는 1천500만원 이하의 벌금에 처한다.  
② 타인의 사무를 처리하는 자가 그 임무에 위배되는 행위로 인하여 재산상의 이익을 취득하거나 제삼자로 하여금 이를 취득하게 한 경우에도 본인에게 손해가 발생하지 아니한 때에는 2년 이하의 징역 또는 700만원 이하의 벌금에 처한다.  

민법 제110조(사기의 의의와 영향) ① 사기나 위협적인 방법으로 상대방의 하자있는 의사를 이용하여 체결한 법률행위는 취소할 수 있다.  
② 전항의 사기 또는 위협은 제3자가 가한 때에도 상대방이 이를 알았거나 알 수 있었을 경우에 한하여 법률행위를 취소할 수 있다.  

헌법 제33조(근로3권) ① 근로자는 근로조건의 향상을 위하여 자주적인 단결권·단체교섭권 및 단체행동권을 가진다.  
② 공무원인 근로자는 법률이 정하는 자에 한하여 단결권·단체교섭권 및 단체행동권을 가진다.  
③ 법률이 정하는 주요방위산업체에 종사하는 근로자의 단체행동권은 법률이 정하는 바에 의하여 이를 제한하거나 인정하지 아니할 수 있다.  

행정법 제14조(규계명령의 한계) 행정기관은 법률에 위반되지 아니하는 범위 안에서 그 소관사무에 관하여 규칙 또는 명령을 발할 수 있다. 다만, 규칙 또는 명령은 법령에서 구체적으로 위임받은 사항이나 법령을 시행하기 위하여 필요한 사항에 한하여 정할 수 있다.  

형법 제329조(뇌물수수) 공무원 또는 중재인이 그 직무에 관하여 뇌물을 수수·요구 또는 약속한 때에는 5년 이하의 징역 또는 10년 이하의 자격정지에 처한다."
64,"민법 제2조(신의성실)  
① 권리의 행사와 의무의 이행은 신의에 좇아 성실히 하여야 한다.  
② 권리는 남용하지 못한다.  

형법 제17조(인과관계)  
어떤 행위라도 죄의 요소되는 위험발생에 연결되지 아니한 때에는 그 결과로 인하여 벌하지 아니한다.  

행정소송법 제18조(취소소송의 대상)  
취소소송은 처분등을 주소로 한다. 다만, 처분등에 해당하는 것이라도 다른 법률에 취소소송에 관한 규정이 있는 경우에는 그 법률이 정하는 바에 따른다."
65,"민법 제750조 (불법행위의 내용)  
① 고의 또는 과실로 인한 위법행위로 타인에게 손해를 가한 자는 그 손해를 배상할 책임이 있다.  
② 손해의 발생과 위법한 행위 사이에 상당인과관계가 있어야 한다.  
③ 금전으로 산정할 수 없는 손해에 대하여는 법원은 피해자의 청구에 의하여 상당하다고 인정하는 정도의 금전배상을 명할 수 있다.  

형법 제329조 (절도)  
타인의 재물을 절취한 자는 6년 이하의 징역 또는 1천만 원 이하의 벌금에 처한다.  

헌법 제21조 (언론·출판·집회·결사의 자유)  
① 모든 국민은 언론·출판의 자유와 집회·결사의 자유를 가진다.  
② 언론·출판에 대한 허겅이나 검열과 집회·결사에 대한 허가는 인정되지 아니한다.  
③ 언론·출판은 타인의 명예나 권리 또는 공중도덕이나 사회윤리를 침해하여서는 아니 된다. 언론·출판이 타인의 명예나 권리를 침해한 때에는 피해자는 이에 대한 피해의 배상을 청구할 수 있다.  

행정소송법 제19조 (처분변경으로 인한 소의 변경)  
법원은 처분등을 취소하는 소송에서 처분행정청이 소송계속 중 그 처분등을 변경한 때에는 원고의 신청에 의하여 결정으로써 청구의 취지 또는 원인을 변경할 수 있다.  
단, 처분행정청이 직권으로 그 처분등을 변경한 때에는 법원은 직권으로 청구의 취지 또는 원인을 변경할 수 있다."
66,"민법 제360조(질권의 목적이 된 채권의 변제)  
① 질권자가 채권자로서 변제를 받은 경우에는 그 질권의 목적이 된 채권이 소멸한 것으로 본다.  

민법 제361조(전질권)  
① 질권자는 그 권리의 범위 내에서 자기의 책임으로 질물을 전질할 수 있다. 이 경우 전질을 하지 아니하였으면 면할 수 있는 불가항력으로 인한 손해에 대하여도 그 책임을 부담한다.  

민법 제362조(동산질권행위의 요물성)  
동산의 질권 설정은 질권자에게 목적물을 인도하여야 그 효력이 생긴다.  

민법 제363조(질물보존의무)  
② 질권자는 질물에 관하여 필요비를 지출한 때에는 질물권의 행사를 위하여 필요한 범위 내에서 그 상환을 청구할 수 있다.  

민법 제364조(질물의 멸실·훼손에 대한 책임)  
① 질권자는 질물을 선량한 관리자의 주의로 보존하여야 한다.  

민법 부칙 제1조(시행일)  
이 법은 1960년 1월 1일부터 시행한다.  

민법 부칙 제2조(공평징수조항의 폐지)  
구 민법 제303조의 규정은 이 법 시행과 동시에 폐지한다.  

형법 제170조(타인토지의 경작 등)  
타인의 농지를 권원 없이 경작한 자는 3년 이하의 징역 또는 700만 원 이하의 벌금에 처한다.  

형법 제171조(주거·신체 수색)  
① 사람의 주거, 관리하는 건조물, 점유하는 방이나 선박을 수색한 자는 3년 이하의 징역에 처한다.  

형법 제172조(특수주거침입)  
단체 또는 집단의 힘으로 하거나 위험한 물건을 휴대하여 타인의 주거, 관리하는 건조물, 점유하는 방이나 선박을 침입한 자는 5년 이하의 징역에 처한다.  

형법 제173조(미수범)  
제166조, 제167조, 제169조, 제170조, 제172조와 제172조의2의 미수범은 처벌한다.  

형법 부칙 제1조(시행일)  
이 법은 1996년 7월 1일부터 시행한다.  

헌법재판소법 제68조(청구서 송달)  
① 헌법재판소는 헌법소원심판청구의 등본을 피청구기관 또는 피청구인에게 송달하여야 하며, 제65조 제1항의 경우에는 그 상대방에게도 송달하여야 한다.  

헌법재판소법 제69조(청구기각의 결정)  
① 헌법재판소는 헌법소원의 청구가 부적법하거나 청구의 이유가 없을 때에는 결정으로 기각한다.  

헌법재판소법 제70조(각하결정)  
① 헌법재판소는 다음 각 호의 어느 하나에 해당하는 경우에는 결정으로 헌법소원을 각하한다.  

헌법재판소법 부칙 제2조(구법 조항의 폐지)  
헌법재판소법 중 이 법 시행 전 폐지된 법률의 조항에 근거한 것은 이 법 시행과 동시에 폐지한다.  

행정소송법 제20조(제소기간)  
① 취소소송의 제소기간은 처분이 있은 날 또는 처분이 있음을 안 날부터 90일 이내로 한다.  

행정소송법 제21조(처분변경으로 인한 소의 변경)  
① 행정청이 소송의 대상인 처분을 변경한 때에는 당사자는 법원의 허가를 받아 소의 변경 또는 새로운 소의 제기를 할 수 있다.  

행정소송법 제22조(집행정지)  
① 취소소송의 제기는 처분의 효력이나 그 집행 또는 절차의 속행에 영향을 주지 아니한다.  

행정소송법 부칙 제1조(시행일)  
이 법은 1998년 3월 1일부터 시행한다.  

헌법 제33조(근로자가 노동3권을 가진다)  
① 근로자는 근로조건의 향상을 위하여 단결권·단체교섭권 및 단체행동권을 가진다.  

헌법 부칙 제5조(과도기적 조치에 관한 규정)  
이 헌법 시행 당시에 이 헌법에 따라 새로 설치될 기관이나 이 헌법에 따라 변경을 받는 기관이 있는 경우에는 해당 법률의 시행일로부터 그 기구의 권한을 행사할 수 있다.  

헌법 부칙 제6조(국회의 임시회의 소집)  
이 헌법 시행 당시의 국회의 임기는 제1항의 규정에 의한 최초의 국회의원의 선거일까지로 한다."
67,"민법 제5조(성년)
① 만 19세로 성년이 된다.  
② 성년에 이르면 미성년자의 법률행위에 필요한 법정대리인의 동의를 요하지 아니한다.  

형법 제17조(법률의 오류)
자기의 행위가 법령에 의하여 죄가 되지 아니한 것으로 오인한 행위는 그 오인에 정당한 이유가 있는 때에 한하여 벌하지 아니한다.  

행정소송법 제6조(관할법원)  
① 행정소송은 다음 각 호의 법원에 제기할 수 있다.  
1. 취소소송의 제1심 관할법원은 피고의 소재지를 관할하는 행정법원으로 한다. 다만, 중앙행정기관 또는 그 장이 피고인 때에는 대법원소재지를 관할하는 행정법원으로 한다.  
2. 당사자소송의 제1심 관할법원은 피고의 소재지를 관할하는 행정법원으로 한다. 다만, 국가 또는 공공단체의 기관 상호간에 제소되거나 그 기관이 당사자로서 서로 제소하는 경우에는 관계 행정기관의 공통되는 직근 상급행정기관의 소재지를 관할하는 행정법원으로 한다.  
3. 민중소송 및 기관소송은 피고의 소재지를 관할하는 행정법원으로 한다.  

헌법 제38조(납세의무)  
모든 국민은 법률이 정하는 바에 의하여 납세의 의무를 진다."
68,"민법 제5조(성년)  
① 사람은 19세로 성년이 된다.  
② 성년에 달한 미성년자가 혼인을 하는 경우에는 성년자로 본다.  

형법 제25조(정당방위)  
① 현재의 부당한 침해로부터 자기 또는 타인의 법익(법익)을 방위하기 위하여 상당한 이유가 있는 때에는 벌하지 아니한다.  
② 방위행위가 그 정도를 초과한 때에는 정황(정황)에 의하여 형을 감경하거나 면제할 수 있다.  

헌법 제12조  
① 모든 국민은 신체의 자유를 가진다. 누구든지 법률에 의하지 아니하고는 체포·구속·압수·수색 또는 심문을 받지 아니하며, 법률과 적법한 절차에 의하지 아니하고는 처벌·보안처분 또는 강제노역을 받지 아니한다.  
② 모든 국민은 고문을 받지 아니하며, 형사상 자기에게 불리한 진술을 강요당하지 아니한다.  
③ 체포·구속·압수 또는 수색을 할 때에는 적법한 절차에 따라 검사의 신청에 의하여 법관이 발부한 영장을 제시해야 한다. 다만, 현행범인인 경우와 장기 3년 이상의 형에 해당하는 죄를 범하고 도피 또는 증거인멸의 염려가 있을 때에는 사후에 영장을 청구할 수 있다.  
④ 누구든지 체포 또는 구속을 당한 때에는 즉시 변호인의 조력을 받을 권리를 가진다. 다만, 형사피고인이 스스로 변호인을 구할 수 없을 때에는 법률이 정하는 바에 의하여 국가가 변호인을 붙인다.  
⑤ 누구든지 체포 또는 구속의 이유와 변호인의 조력을 받을 권리가 있음을 고지받지 아니하고는 체포 또는 구속을 당하지 아니한다. 체포 또는 구속을 당한 자의 가족등 법률이 정하는 자에게는 그 이유와 일시·장소가 지체없이 통지되어야 한다.  
⑥ 누구든지 체포 또는 구속을 당한 때에는 적부의 심사를 법원에 청구할 권리를 가진다.  
⑦ 피고인의 자백이 고문·폭행·협박·구속의 부당한 장기화 또는 기망(기만) 기타의 방법에 의하여 자의로 진술된 것이 아니라고 인정될 때 또는 정식재판에서 피고인의 자백이 그에게 불리한 유일한 증거일 때에는 이를 유죄의 증거로 삼거나 이를 이유로 처벌할 수 없다."
69,"민법 제5조 (미성년자의 법률행위)  
① 미성년자는 법정대리인의 동의를 얻어 법률행위를 할 수 있다.  
② 미성년자가 법정대리인의 동의 없이 행한 법률행위는 취소할 수 있다.  
③ 법정대리인은 제2항에 따라 취소할 수 있는 행위에 대하여 미성년자가 아직 성년자가 되지 아니한 동안 그 법률행위의 효력이 확정되지 아니하는 동안에 한하여 본인의 의사에 반하여 취소할 수 있다.  

형법 제17조 (폭행, 협박과 권리행사)  
폭행 또는 협박으로 인하여 상대방의 권리행사를 방해할 수 없다.  

행정소송법 제19조 (피고적격)  
① 처분등을 한 행정청 또는 처분등에 관한 권한이 다른 행정청에 승계된 경우에는 그 승계한 행정청(처분등의 집행유지의 가처분신청사건에서는 처분등을 한 행정청)이 피고가 된다.  
② 처분등의 취소소송에서 당해 처분등에 관계되는 권한이 다른 행정청에 이관된 때에는 그 이관된 행정청의 소재지를 관할하는 행정법원이 관할한다.  

헌법 제31조 (교육을 받을 권리)  
① 모든 국민은 능력에 따라 균등하게 교육을 받을 권리를 가진다.  
② 모든 국민은 그 보호하는 자녀에게 적어도 초등교육과 법률이 정하는 교육을 받게 할 의무를 진다.  
③ 의무교육은 무상으로 한다.  
④ 교육의 자주성·전문성·정치적 중립성 및 대학의 자율성은 법률이 정하는 바에 의하여 보장된다.  
⑤ 국가는 평생교육을 진흥하여야 한다.  
⑥ 학교교육 및 평생교육을 포함한 교육제도와 그 운영, 교육재정 및 교원의 지위에 관한 기본적인 사항은 법률로 정한다."
70,"형법 제276조(강제행위의 죄)  
① 폭행 또는 협박으로 사람의 권리행사를 방해하거나 의무 없는 일을 하게 한 자는 3년 이하의 징역 또는 500만 원 이하의 벌금에 처한다.  
② 자기 또는 배우자의 직계존속에 대하여 제1항의 죄를 범한 때에는 5년 이하의 징역 또는 700만 원 이하의 벌금에 처한다.  

민법 제536조(동시이행의 항변권)  
① 쌍무계약의 당사자 일방이 상대방에게 이행을 청구할 때에는 상대방도 자기 채무이행을 제공할 때까지 그 이행을 거절할 수 있다.  
② 당사자가 동시에 이행할 경우 그 한쪽 당사자가 이행을 제공하지 아니하는 때에는 상대방은 이행지체 책임을 지지 아니한다.  

형법 제329조(사기)  
사람을 기망하여 재물의 교부를 받거나 재산상의 이익을 취득한 자는 10년 이하의 징역 또는 2천만 원 이하의 벌금에 처한다.  

헌법 제31조  
① 모든 국민은 능력에 따라 균등하게 교육을 받을 권리를 가진다.  
② 모든 국민은 그 보호하는 자녀에게 적어도 초등교육과 법률이 정하는 교육을 받게 할 의무를 진다.  
③ 의무교육은 무상으로 한다.  
④ 교육의 자주성·전문성·정치적 중립성 및 대학의 자율성은 법률이 정하는 바에 의하여 보장된다.  
⑤ 국가는 평생교육을 진흥하여야 한다.  
⑥ 학교교육 및 평생교육을 포함한 교육제도와 그 운영, 교육재정 및 교원의 지위에 관한 기본적인 사항은 법률로 정한다.  

행정법(제7조(법률의 유보))  
행정작용은 법률에 근거하여야 하며, 법률에 위반되어서는 아니 된다."